filename,split,num_boxes
2412.png,train,1
555.png,train,1
775.png,train,1
146.png,train,1
82.png,train,1
18.png,train,1
1720.png,train,1
378.png,train,1
2490.png,train,1
1254.png,train,1
2404.png,train,1
2306.png,train,1
2925.png,train,1
327.png,train,1
1382.png,train,1
603.png,train,1
59.png,train,1
1375.png,train,1
148.png,train,1
1095.png,train,1
1914.png,train,1
2183.png,train,1
552.png,train,1
161.png,train,1
1189.png,train,1
2136.png,train,1
1153.png,train,1
2394.png,train,1
2486.png,train,1
154.png,train,1
1222.png,train,1
1568.png,train,1
2037.png,train,1
2732.png,train,1
1835.png,train,1
2813.png,train,1
1980.png,train,1
2055.png,train,1
2770.png,train,1
1439.png,train,1
1897.png,train,1
2247.png,train,1
2783.png,train,1
296.png,train,1
934.png,train,1
177.png,train,1
1941.png,train,1
2818.png,train,1
142.png,train,1
1945.png,train,1
1603.png,train,1
850.png,train,1
3020.png,train,1
2557.png,train,1
180.png,train,1
1071.png,train,1
1349.png,train,1
1952.png,train,1
2572.png,train,1
203.png,train,1
2533.png,train,1
2356.png,train,1
2719.png,train,1
1235.png,train,1
2900.png,train,1
35.png,train,1
888.png,train,1
982.png,train,1
2389.png,train,1
714.png,train,1
2396.png,train,1
1831.png,train,1
750.png,train,1
2981.png,train,1
151.png,train,1
1128.png,train,1
2213.png,train,1
1620.png,train,1
1898.png,train,1
1963.png,train,1
501.png,train,1
2869.png,train,1
526.png,train,1
2030.png,train,1
2435.png,train,1
1699.png,train,1
274.png,train,1
109.png,train,1
1575.png,train,1
1348.png,train,1
1005.png,train,1
2773.png,train,1
2235.png,train,1
2980.png,train,1
2668.png,train,1
2411.png,train,1
2973.png,train,1
530.png,train,1
400.png,train,1
1602.png,train,1
1301.png,train,1
2811.png,train,1
1926.png,train,1
1764.png,train,1
2974.png,train,1
1320.png,train,1
2703.png,train,1
2926.png,train,1
1909.png,train,1
785.png,train,1
1596.png,train,1
2738.png,train,1
868.png,train,1
2948.png,train,1
2383.png,train,1
2673.png,train,1
517.png,train,1
1555.png,train,1
1542.png,train,1
2076.png,train,1
1278.png,train,1
1433.png,train,1
1541.png,train,1
1145.png,train,1
235.png,train,1
2325.png,train,1
2989.png,train,1
57.png,train,1
2296.png,train,1
860.png,train,1
2104.png,train,1
2821.png,train,1
2000.png,train,1
2096.png,train,1
2162.png,train,1
519.png,train,1
797.png,train,1
1744.png,train,1
482.png,train,1
450.png,train,1
2005.png,train,1
1535.png,train,1
1482.png,train,1
2528.png,train,1
2920.png,train,1
298.png,train,1
1206.png,train,1
2971.png,train,1
3033.png,train,1
1796.png,train,1
1033.png,train,1
2677.png,train,1
948.png,train,1
2872.png,train,1
607.png,train,1
2368.png,train,1
2367.png,train,1
2729.png,train,1
2519.png,train,1
2082.png,train,1
1684.png,train,1
372.png,train,1
619.png,train,1
1593.png,train,1
1888.png,train,1
2934.png,train,1
307.png,train,1
1396.png,train,1
1436.png,train,1
2458.png,train,1
2279.png,train,1
2702.png,train,1
230.png,train,1
119.png,train,1
1373.png,train,1
65.png,train,1
1604.png,train,1
2753.png,train,1
2114.png,train,1
1509.png,train,1
1782.png,train,1
1229.png,train,1
2623.png,train,1
917.png,train,1
798.png,train,1
1637.png,train,1
14.png,train,1
221.png,train,1
1721.png,train,1
2142.png,train,1
642.png,train,1
2379.png,train,1
234.png,train,1
1227.png,train,1
2809.png,train,1
479.png,train,1
3027.png,train,1
22.png,train,1
1931.png,train,1
622.png,train,1
614.png,train,1
752.png,train,1
2929.png,train,1
747.png,train,1
3041.png,train,1
322.png,train,1
2118.png,train,1
537.png,train,1
3025.png,train,1
43.png,train,1
3019.png,train,1
1679.png,train,1
2531.png,train,1
500.png,train,1
2817.png,train,1
975.png,train,1
927.png,train,1
2387.png,train,1
439.png,train,1
1599.png,train,1
561.png,train,1
621.png,train,1
1104.png,train,1
548.png,train,1
211.png,train,1
2345.png,train,1
2469.png,train,1
2594.png,train,1
2610.png,train,1
1031.png,train,1
1328.png,train,1
46.png,train,1
1110.png,train,1
2669.png,train,1
2200.png,train,1
2994.png,train,1
764.png,train,1
2685.png,train,1
777.png,train,1
1928.png,train,1
585.png,train,1
2137.png,train,1
1496.png,train,1
932.png,train,1
1007.png,train,1
293.png,train,1
743.png,train,1
657.png,train,1
2097.png,train,1
0.png,train,1
1215.png,train,1
1062.png,train,1
2254.png,train,1
2947.png,train,1
226.png,train,1
2494.png,train,1
124.png,train,1
1667.png,train,1
1590.png,train,1
2561.png,train,1
1725.png,train,1
2917.png,train,1
2512.png,train,1
2473.png,train,1
2791.png,train,1
204.png,train,1
684.png,train,1
2337.png,train,1
2284.png,train,1
1437.png,train,1
1912.png,train,1
985.png,train,1
1869.png,train,1
360.png,train,1
916.png,train,1
2314.png,train,1
1748.png,train,1
1405.png,train,1
921.png,train,1
2756.png,train,1
2819.png,train,1
2026.png,train,1
1817.png,train,1
2402.png,train,1
340.png,train,1
2941.png,train,1
2424.png,train,1
1407.png,train,1
2052.png,train,1
2307.png,train,1
41.png,train,1
319.png,train,1
323.png,train,1
989.png,train,1
2015.png,train,1
2841.png,train,1
2708.png,train,1
1194.png,train,1
2629.png,train,1
172.png,train,1
2459.png,train,1
2429.png,train,1
897.png,train,1
2375.png,train,1
533.png,train,1
2734.png,train,1
930.png,train,1
751.png,train,1
2257.png,train,1
410.png,train,1
2769.png,train,1
2417.png,train,1
219.png,train,1
1973.png,train,1
680.png,train,1
3002.png,train,1
1930.png,train,1
1232.png,train,1
766.png,train,1
1200.png,train,1
1754.png,train,1
100.png,train,1
17.png,train,1
1695.png,train,1
2226.png,train,1
107.png,train,1
265.png,train,1
2830.png,train,1
2263.png,train,1
2266.png,train,1
416.png,train,1
413.png,train,1
2875.png,train,1
2733.png,train,1
1755.png,train,1
549.png,train,1
2081.png,train,1
136.png,train,1
1372.png,train,1
2334.png,train,1
207.png,train,1
1003.png,train,1
511.png,train,1
278.png,train,1
2237.png,train,1
381.png,train,1
1666.png,train,1
2919.png,train,1
2014.png,train,1
1476.png,train,1
2422.png,train,1
707.png,train,1
2365.png,train,1
1805.png,train,1
1255.png,train,1
476.png,train,1
3014.png,train,1
498.png,train,1
891.png,train,1
115.png,train,1
673.png,train,1
2024.png,train,1
2129.png,train,1
1690.png,train,1
2571.png,train,1
1000.png,train,1
2021.png,train,1
1443.png,train,1
2110.png,train,1
1621.png,train,1
2803.png,train,1
1014.png,train,1
1094.png,train,1
976.png,train,1
2218.png,train,1
2075.png,train,1
794.png,train,1
1623.png,train,1
388.png,train,1
2609.png,train,1
2440.png,train,1
935.png,train,1
791.png,train,1
507.png,train,1
643.png,train,1
2741.png,train,1
2304.png,train,1
997.png,train,1
1343.png,train,1
15.png,train,1
1247.png,train,1
1344.png,train,1
1778.png,train,1
2125.png,train,1
71.png,train,1
2983.png,train,1
2556.png,train,1
390.png,train,1
1658.png,train,1
2957.png,train,1
2507.png,train,1
1376.png,train,1
1176.png,train,1
779.png,train,1
1595.png,train,1
178.png,train,1
1124.png,train,1
2526.png,train,1
61.png,train,1
1531.png,train,1
1352.png,train,1
1023.png,train,1
2542.png,train,1
412.png,train,1
414.png,train,1
2262.png,train,1
1553.png,train,1
1052.png,train,1
2191.png,train,1
2466.png,train,1
2400.png,train,1
1640.png,train,1
2725.png,train,1
1279.png,train,1
1429.png,train,1
2431.png,train,1
2022.png,train,1
755.png,train,1
1577.png,train,1
2864.png,train,1
2827.png,train,1
1230.png,train,1
956.png,train,1
1037.png,train,1
865.png,train,1
924.png,train,1
102.png,train,1
1152.png,train,1
1657.png,train,1
2674.png,train,1
911.png,train,1
1872.png,train,1
995.png,train,1
64.png,train,1
2241.png,train,1
845.png,train,1
1934.png,train,1
2277.png,train,1
3038.png,train,1
2933.png,train,1
833.png,train,1
2918.png,train,1
284.png,train,1
889.png,train,1
1742.png,train,1
2592.png,train,1
648.png,train,1
2939.png,train,1
1572.png,train,1
2385.png,train,1
1502.png,train,1
2617.png,train,1
2505.png,train,1
1401.png,train,1
1472.png,train,1
2502.png,train,1
638.png,train,1
2139.png,train,1
1737.png,train,1
2128.png,train,1
1105.png,train,1
2567.png,train,1
2332.png,train,1
114.png,train,1
1833.png,train,1
1560.png,train,1
285.png,train,1
1918.png,train,1
1933.png,train,1
2661.png,train,1
3031.png,train,1
958.png,train,1
532.png,train,1
2611.png,train,1
2109.png,train,1
1275.png,train,1
2874.png,train,1
220.png,train,1
2521.png,train,1
1168.png,train,1
875.png,train,1
2407.png,train,1
1992.png,train,1
1537.png,train,1
1547.png,train,1
1296.png,train,1
2004.png,train,1
1268.png,train,1
302.png,train,1
810.png,train,1
2857.png,train,1
2823.png,train,1
1873.png,train,1
1867.png,train,1
1454.png,train,1
1804.png,train,1
2216.png,train,1
1839.png,train,1
2059.png,train,1
1689.png,train,1
613.png,train,1
2859.png,train,1
1428.png,train,1
1163.png,train,1
1810.png,train,1
2233.png,train,1
28.png,train,1
408.png,train,1
562.png,train,1
1536.png,train,1
2401.png,train,1
3042.png,train,1
822.png,train,1
2568.png,train,1
901.png,train,1
687.png,train,1
1580.png,train,1
666.png,train,1
1662.png,train,1
1554.png,train,1
1025.png,train,1
604.png,train,1
2543.png,train,1
2231.png,train,1
2423.png,train,1
399.png,train,1
1013.png,train,1
1996.png,train,1
24.png,train,1
1507.png,train,1
1561.png,train,1
1955.png,train,1
2181.png,train,1
2047.png,train,1
1676.png,train,1
2516.png,train,1
2094.png,train,1
2105.png,train,1
1148.png,train,1
2651.png,train,1
1160.png,train,1
2344.png,train,1
1691.png,train,1
2598.png,train,1
1351.png,train,1
2255.png,train,1
608.png,train,1
2614.png,train,1
303.png,train,1
885.png,train,1
2711.png,train,1
513.png,train,1
2351.png,train,1
705.png,train,1
887.png,train,1
2868.png,train,1
1947.png,train,1
857.png,train,1
2937.png,train,1
1707.png,train,1
1126.png,train,1
2482.png,train,1
1896.png,train,1
1468.png,train,1
2495.png,train,1
2475.png,train,1
1712.png,train,1
531.png,train,1
609.png,train,1
367.png,train,1
2671.png,train,1
2794.png,train,1
946.png,train,1
1416.png,train,1
1840.png,train,1
2683.png,train,1
1418.png,train,1
1383.png,train,1
669.png,train,1
2638.png,train,1
20.png,train,1
380.png,train,1
72.png,train,1
1550.png,train,1
1767.png,train,1
2529.png,train,1
1511.png,train,1
2522.png,train,1
588.png,train,1
1045.png,train,1
627.png,train,1
2778.png,train,1
1225.png,train,1
194.png,train,1
940.png,train,1
2984.png,train,1
1409.png,train,1
2481.png,train,1
1021.png,train,1
908.png,train,1
2536.png,train,1
1609.png,train,1
173.png,train,1
2715.png,train,1
700.png,train,1
2152.png,train,1
499.png,train,1
273.png,train,1
2907.png,train,1
1841.png,train,1
60.png,train,1
2905.png,train,1
1434.png,train,1
208.png,train,1
1749.png,train,1
867.png,train,1
1106.png,train,1
1149.png,train,1
2509.png,train,1
444.png,train,1
1870.png,train,1
2767.png,train,1
1710.png,train,1
2372.png,train,1
2465.png,train,1
980.png,train,1
1775.png,train,1
2596.png,train,1
1794.png,train,1
294.png,train,1
3007.png,train,1
536.png,train,1
936.png,train,1
1329.png,train,1
246.png,train,1
2967.png,train,1
2635.png,train,1
623.png,train,1
1920.png,train,1
329.png,train,1
1430.png,train,1
2805.png,train,1
363.png,train,1
1058.png,train,1
1073.png,train,1
1470.png,train,1
753.png,train,1
878.png,train,1
972.png,train,1
3003.png,train,1
2157.png,train,1
2359.png,train,1
2464.png,train,1
778.png,train,1
1634.png,train,1
708.png,train,1
1812.png,train,1
1824.png,train,1
652.png,train,1
2758.png,train,1
890.png,train,1
1220.png,train,1
929.png,train,1
90.png,train,1
884.png,train,1
1678.png,train,1
1042.png,train,1
350.png,train,1
79.png,train,1
2145.png,train,1
89.png,train,1
1355.png,train,1
808.png,train,1
2870.png,train,1
722.png,train,1
1181.png,train,1
2376.png,train,1
1591.png,train,1
6.png,train,1
716.png,train,1
1647.png,train,1
2299.png,train,1
110.png,train,1
2927.png,train,1
1984.png,train,1
1317.png,train,1
2336.png,train,1
1715.png,train,1
1825.png,train,1
1706.png,train,1
820.png,train,1
45.png,train,1
1259.png,train,1
2451.png,train,1
2349.png,train,1
266.png,train,1
3046.png,train,1
1234.png,train,1
98.png,train,1
237.png,train,1
859.png,train,1
2804.png,train,1
521.png,train,1
866.png,train,1
514.png,train,1
1053.png,train,1
1519.png,train,1
1450.png,train,1
2060.png,train,1
1917.png,train,1
1598.png,train,1
870.png,train,1
2548.png,train,1
903.png,train,1
1362.png,train,1
1532.png,train,1
2754.png,train,1
93.png,train,1
1816.png,train,1
2603.png,train,1
2853.png,train,1
2795.png,train,1
784.png,train,1
679.png,train,1
3047.png,train,1
992.png,train,1
2427.png,train,1
1959.png,train,1
2208.png,train,1
1719.png,train,1
283.png,train,1
1823.png,train,1
2303.png,train,1
2456.png,train,1
926.png,train,1
2524.png,train,1
1136.png,train,1
1564.png,train,1
2498.png,train,1
1386.png,train,1
2577.png,train,1
2377.png,train,1
665.png,train,1
1780.png,train,1
1510.png,train,1
1246.png,train,1
2867.png,train,1
2655.png,train,1
589.png,train,1
905.png,train,1
2622.png,train,1
2831.png,train,1
1185.png,train,1
97.png,train,1
964.png,train,1
1752.png,train,1
1711.png,train,1
2187.png,train,1
556.png,train,1
663.png,train,1
815.png,train,1
2901.png,train,1
1065.png,train,1
171.png,train,1
2168.png,train,1
394.png,train,1
1335.png,train,1
2265.png,train,1
305.png,train,1
1462.png,train,1
1713.png,train,1
1182.png,train,1
2520.png,train,1
660.png,train,1
786.png,train,1
113.png,train,1
1906.png,train,1
1508.png,train,1
1696.png,train,1
1893.png,train,1
312.png,train,1
2968.png,train,1
2607.png,train,1
2985.png,train,1
759.png,train,1
2112.png,train,1
2942.png,train,1
1125.png,train,1
1574.png,train,1
1948.png,train,1
1533.png,train,1
2164.png,train,1
856.png,train,1
2757.png,train,1
970.png,train,1
2143.png,train,1
2117.png,train,1
1294.png,train,1
475.png,train,1
133.png,train,1
2205.png,train,1
53.png,train,1
2687.png,train,1
2648.png,train,1
571.png,train,1
717.png,train,1
2710.png,train,1
2397.png,train,1
139.png,train,1
962.png,train,1
2788.png,train,1
2204.png,train,1
2161.png,train,1
1613.png,train,1
1030.png,train,1
2272.png,train,1
140.png,train,1
2065.png,train,1
1384.png,train,1
289.png,train,1
813.png,train,1
787.png,train,1
2550.png,train,1
249.png,train,1
1032.png,train,1
689.png,train,1
1777.png,train,1
2342.png,train,1
2902.png,train,1
2916.png,train,1
2696.png,train,1
593.png,train,1
2184.png,train,1
2016.png,train,1
352.png,train,1
819.png,train,1
876.png,train,1
1420.png,train,1
231.png,train,1
741.png,train,1
2480.png,train,1
1055.png,train,1
440.png,train,1
2628.png,train,1
2088.png,train,1
1453.png,train,1
3043.png,train,1
197.png,train,1
2326.png,train,1
2432.png,train,1
1464.png,train,1
339.png,train,1
2027.png,train,1
452.png,train,1
1177.png,train,1
47.png,train,1
2444.png,train,1
540.png,train,1
855.png,train,1
239.png,train,1
2433.png,train,1
384.png,train,1
640.png,train,1
2893.png,train,1
2504.png,train,1
2796.png,train,1
649.png,train,1
2032.png,train,1
94.png,train,1
1814.png,train,1
398.png,train,1
906.png,train,1
2909.png,train,1
342.png,train,1
3037.png,train,1
308.png,train,1
2652.png,train,1
1276.png,train,1
1534.png,train,1
2340.png,train,1
27.png,train,1
1514.png,train,1
1694.png,train,1
1513.png,train,1
1966.png,train,1
535.png,train,1
1402.png,train,1
1458.png,train,1
693.png,train,1
66.png,train,1
91.png,train,1
1385.png,train,1
1793.png,train,1
353.png,train,1
292.png,train,1
2064.png,train,1
2224.png,train,1
3.png,train,1
590.png,train,1
1776.png,train,1
270.png,train,1
451.png,train,1
919.png,train,1
120.png,train,1
771.png,train,1
2072.png,train,1
2731.png,train,1
320.png,train,1
1492.png,train,1
1557.png,train,1
1807.png,train,1
2601.png,train,1
1978.png,train,1
2618.png,train,1
478.png,train,1
2955.png,train,1
2434.png,train,1
2699.png,train,1
3036.png,train,1
592.png,train,1
1211.png,train,1
658.png,train,1
2086.png,train,1
695.png,train,1
1771.png,train,1
2992.png,train,1
8.png,train,1
1142.png,train,1
1803.png,train,1
2977.png,train,1
647.png,train,1
2797.png,train,1
2856.png,train,1
2625.png,train,1
1688.png,train,1
1774.png,train,1
334.png,train,1
1186.png,train,1
2131.png,train,1
628.png,train,1
1356.png,train,1
2569.png,train,1
137.png,train,1
1041.png,train,1
1140.png,train,1
469.png,train,1
1753.png,train,1
58.png,train,1
1592.png,train,1
2018.png,train,1
2040.png,train,1
2949.png,train,1
2998.png,train,1
1731.png,train,1
2238.png,train,1
2122.png,train,1
2781.png,train,1
528.png,train,1
1374.png,train,1
2658.png,train,1
202.png,train,1
96.png,train,1
49.png,train,1
960.png,train,1
1641.png,train,1
2943.png,train,1
1488.png,train,1
2965.png,train,1
1406.png,train,1
1019.png,train,1
2416.png,train,1
1957.png,train,1
1781.png,train,1
1523.png,train,1
2252.png,train,1
1540.png,train,1
1950.png,train,1
1068.png,train,1
2083.png,train,1
2503.png,train,1
1091.png,train,1
1672.png,train,1
2736.png,train,1
541.png,train,1
1431.png,train,1
1582.png,train,1
626.png,train,1
1370.png,train,1
3039.png,train,1
505.png,train,1
1446.png,train,1
87.png,train,1
52.png,train,1
2595.png,train,1
1250.png,train,1
2663.png,train,1
1530.png,train,1
2928.png,train,1
825.png,train,1
155.png,train,1
2747.png,train,1
953.png,train,1
1905.png,train,1
1827.png,train,1
55.png,train,1
1060.png,train,1
92.png,train,1
163.png,train,1
529.png,train,1
1645.png,train,1
1435.png,train,1
1248.png,train,1
1044.png,train,1
704.png,train,1
1610.png,train,1
900.png,train,1
2845.png,train,1
849.png,train,1
2576.png,train,1
1313.png,train,1
2245.png,train,1
2911.png,train,1
596.png,train,1
682.png,train,1
871.png,train,1
2392.png,train,1
2053.png,train,1
557.png,train,1
2771.png,train,1
2744.png,train,1
1082.png,train,1
2078.png,train,1
2170.png,train,1
1674.png,train,1
886.png,train,1
575.png,train,1
299.png,train,1
2300.png,train,1
969.png,train,1
2253.png,train,1
2713.png,train,1
149.png,train,1
1745.png,train,1
2705.png,train,1
1787.png,train,1
1115.png,train,1
2462.png,train,1
1051.png,train,1
2894.png,train,1
1902.png,train,1
1461.png,train,1
2682.png,train,1
984.png,train,1
1309.png,train,1
2390.png,train,1
486.png,train,1
881.png,train,1
694.png,train,1
597.png,train,1
2058.png,train,1
407.png,train,1
2023.png,train,1
527.png,train,1
250.png,train,1
3023.png,train,1
1112.png,train,1
877.png,train,1
821.png,train,1
1414.png,train,1
1341.png,train,1
1828.png,train,1
2045.png,train,1
3005.png,train,1
3028.png,train,1
1576.png,train,1
2940.png,train,1
806.png,train,1
1734.png,train,1
2176.png,train,1
2320.png,train,1
586.png,train,1
2727.png,train,1
1485.png,train,1
2704.png,train,1
1581.png,train,1
1890.png,train,1
1494.png,train,1
1728.png,train,1
2883.png,train,1
745.png,train,1
212.png,train,1
2914.png,train,1
1379.png,train,1
295.png,train,1
955.png,train,1
620.png,train,1
2808.png,train,1
1677.png,train,1
2144.png,train,1
2735.png,train,1
318.png,train,1
2149.png,train,1
742.png,train,1
2593.png,train,1
869.png,train,1
435.png,train,1
2227.png,train,1
2844.png,train,1
1400.png,train,1
772.png,train,1
1686.png,train,1
635.png,train,1
615.png,train,1
2281.png,train,1
2582.png,train,1
1034.png,train,1
2799.png,train,1
2009.png,train,1
81.png,train,1
1197.png,train,1
85.png,train,1
1263.png,train,1
981.png,train,1
1750.png,train,1
711.png,train,1
238.png,train,1
880.png,train,1
1779.png,train,1
2147.png,train,1
1700.png,train,1
1298.png,train,1
1173.png,train,1
508.png,train,1
2946.png,train,1
3012.png,train,1
158.png,train,1
560.png,train,1
836.png,train,1
1199.png,train,1
2318.png,train,1
44.png,train,1
1673.png,train,1
2743.png,train,1
168.png,train,1
181.png,train,1
1770.png,train,1
3044.png,train,1
2324.png,train,1
1727.png,train,1
1333.png,train,1
2036.png,train,1
2990.png,train,1
2906.png,train,1
2896.png,train,1
1512.png,train,1
553.png,train,1
1363.png,train,1
362.png,train,1
1179.png,train,1
169.png,train,1
1217.png,train,1
1901.png,train,1
1130.png,train,1
630.png,train,1
1997.png,train,1
780.png,train,1
1649.png,train,1
1394.png,train,1
434.png,train,1
1900.png,train,1
1089.png,train,1
2425.png,train,1
418.png,train,1
2600.png,train,1
2006.png,train,1
2514.png,train,1
1165.png,train,1
1585.png,train,1
805.png,train,1
1121.png,train,1
1081.png,train,1
2388.png,train,1
566.png,train,1
33.png,train,1
2612.png,train,1
2305.png,train,1
2499.png,train,1
1120.png,train,1
2587.png,train,1
1614.png,train,1
2248.png,train,1
433.png,train,1
1143.png,train,1
1882.png,train,1
1316.png,train,1
852.png,train,1
811.png,train,1
2428.png,train,1
19.png,train,1
56.png,train,1
631.png,train,1
2488.png,train,1
2897.png,train,1
1371.png,train,1
2523.png,train,1
132.png,train,1
1365.png,train,1
1410.png,train,1
1528.png,train,1
1307.png,train,1
945.png,train,1
2579.png,train,1
2419.png,train,1
1703.png,train,1
170.png,train,1
768.png,train,1
2012.png,train,1
2485.png,train,1
2860.png,train,1
2013.png,train,1
544.png,train,1
1354.png,train,1
2854.png,train,1
2386.png,train,1
2461.png,train,1
1628.png,train,1
2588.png,train,1
2633.png,train,1
2039.png,train,1
2978.png,train,1
2159.png,train,1
2861.png,train,1
243.png,train,1
1221.png,train,1
1877.png,train,1
2837.png,train,1
2391.png,train,1
792.png,train,1
1361.png,train,1
2728.png,train,1
2878.png,train,1
1802.png,train,1
2712.png,train,1
864.png,train,1
1826.png,train,1
1801.png,train,1
213.png,train,1
1863.png,train,1
2134.png,train,1
2945.png,train,1
1167.png,train,1
2621.png,train,1
662.png,train,1
1876.png,train,1
796.png,train,1
719.png,train,1
602.png,train,1
834.png,train,1
2102.png,train,1
2899.png,train,1
2574.png,train,1
2054.png,train,1
767.png,train,1
1267.png,train,1
2787.png,train,1
2847.png,train,1
757.png,train,1
2970.png,train,1
1249.png,train,1
2493.png,train,1
159.png,train,1
1527.png,train,1
355.png,train,1
317.png,train,1
2381.png,train,1
963.png,train,1
1011.png,train,1
1118.png,train,1
2765.png,train,1
1785.png,train,1
1459.png,train,1
1097.png,train,1
1624.png,train,1
2044.png,train,1
3015.png,train,1
2166.png,train,1
1579.png,train,1
1231.png,train,1
839.png,train,1
2737.png,train,1
1237.png,train,1
343.png,train,1
1448.png,train,1
2282.png,train,1
182.png,train,1
2814.png,train,1
3016.png,train,1
331.png,train,1
2606.png,train,1
675.png,train,1
29.png,train,1
1174.png,train,1
581.png,train,1
2211.png,train,1
2555.png,train,1
1327.png,train,1
389.png,train,1
118.png,train,1
2172.png,train,1
774.png,train,1
2649.png,train,1
1630.png,train,1
1738.png,train,1
824.png,train,1
1685.png,train,1
2355.png,train,1
183.png,train,1
175.png,train,1
2347.png,train,1
2357.png,train,1
601.png,train,1
1059.png,train,1
2362.png,train,1
782.png,train,1
3008.png,train,1
480.png,train,1
2585.png,train,1
2626.png,train,1
2884.png,train,1
1009.png,train,1
1702.png,train,1
495.png,train,1
2575.png,train,1
2775.png,train,1
1378.png,train,1
2650.png,train,1
800.png,train,1
2286.png,train,1
2196.png,train,1
1049.png,train,1
75.png,train,1
2258.png,train,1
2203.png,train,1
2219.png,train,1
2106.png,train,1
1862.png,train,1
147.png,train,1
706.png,train,1
157.png,train,1
2525.png,train,1
2447.png,train,1
516.png,train,1
1701.png,train,1
2373.png,train,1
1466.png,train,1
1960.png,train,1
559.png,train,1
2463.png,train,1
846.png,train,1
2752.png,train,1
2138.png,train,1
1218.png,train,1
466.png,train,1
1631.png,train,1
218.png,train,1
2616.png,train,1
610.png,train,1
449.png,train,1
2723.png,train,1
1708.png,train,1
2721.png,train,1
244.png,train,1
2852.png,train,1
401.png,train,1
252.png,train,1
2108.png,train,1
2154.png,train,1
2915.png,train,1
364.png,train,1
2414.png,train,1
1743.png,train,1
1201.png,train,1
2891.png,train,1
2789.png,train,1
1180.png,train,1
2858.png,train,1
1141.png,train,1
1946.png,train,1
1319.png,train,1
1746.png,train,1
2620.png,train,1
23.png,train,1
2448.png,train,1
1855.png,train,1
1632.png,train,1
12.png,train,1
2952.png,train,1
645.png,train,1
1907.png,train,1
1681.png,train,1
461.png,train,1
2972.png,train,1
677.png,train,1
1864.png,train,1
1447.png,train,1
209.png,train,1
2273.png,train,1
306.png,train,1
949.png,train,1
2449.png,train,1
965.png,train,1
644.png,train,1
2003.png,train,1
952.png,train,1
484.png,train,1
654.png,train,1
4.png,train,1
2501.png,train,1
584.png,train,1
2988.png,train,1
2862.png,train,1
224.png,train,1
2223.png,train,1
1563.png,train,1
2762.png,train,1
1139.png,train,1
554.png,train,1
2194.png,train,1
447.png,train,1
1172.png,train,1
1154.png,train,1
2931.png,train,1
1976.png,train,1
25.png,train,1
2339.png,train,1
656.png,train,1
1797.png,train,1
828.png,train,1
2443.png,train,1
106.png,train,1
2259.png,train,1
904.png,train,1
419.png,train,1
2033.png,train,1
2288.png,train,1
1092.png,train,1
829.png,train,1
2562.png,train,1
200.png,train,1
1904.png,train,1
781.png,train,1
709.png,train,1
2019.png,train,1
1723.png,train,1
356.png,train,1
195.png,train,1
987.png,train,1
2908.png,train,1
646.png,train,1
63.png,train,1
1261.png,train,1
1113.png,train,1
1545.png,train,1
99.png,train,1
641.png,train,1
1653.png,train,1
3018.png,train,1
1495.png,train,1
1716.png,train,1
1028.png,train,1
2546.png,train,1
2887.png,train,1
783.png,train,1
123.png,train,1
1367.png,train,1
76.png,train,1
2468.png,train,1
1269.png,train,1
2768.png,train,1
1567.png,train,1
275.png,train,1
2171.png,train,1
131.png,train,1
268.png,train,1
1483.png,train,1
338.png,train,1
95.png,train,1
639.png,train,1
441.png,train,1
2850.png,train,1
2982.png,train,1
2113.png,train,1
126.png,train,1
1504.png,train,1
1671.png,train,1
111.png,train,1
104.png,train,1
844.png,train,1
422.png,train,1
2256.png,train,1
144.png,train,1
2295.png,train,1
2886.png,train,1
2508.png,train,1
1253.png,train,1
1397.png,train,1
931.png,train,1
485.png,train,1
1129.png,train,1
715.png,train,1
454.png,train,1
2923.png,train,1
1733.png,train,1
286.png,train,1
1209.png,train,1
1724.png,train,1
1491.png,train,1
1891.png,train,1
3010.png,train,1
543.png,train,1
300.png,train,1
2829.png,train,1
1066.png,train,1
1571.png,train,1
375.png,train,1
2207.png,train,1
973.png,train,1
1208.png,train,1
2280.png,train,1
2755.png,train,1
2690.png,train,1
2415.png,train,1
2445.png,train,1
2745.png,train,1
925.png,train,1
309.png,train,1
2358.png,train,1
2446.png,train,1
2309.png,train,1
174.png,train,1
1908.png,train,1
2995.png,train,1
1287.png,train,1
2063.png,train,1
377.png,train,1
1205.png,train,1
773.png,train,1
685.png,train,1
1617.png,train,1
108.png,train,1
1096.png,train,1
525.png,train,1
1241.png,train,1
2979.png,train,1
227.png,train,1
579.png,train,1
2366.png,train,1
1927.png,train,1
2244.png,train,1
1133.png,train,1
313.png,train,1
1460.png,train,1
2198.png,train,1
1660.png,train,1
2107.png,train,1
2214.png,train,1
32.png,train,1
1940.png,train,1
2724.png,train,1
366.png,train,1
762.png,train,1
1740.png,train,1
225.png,train,1
5.png,train,1
2150.png,train,1
668.png,train,1
801.png,train,1
2910.png,train,1
863.png,train,1
1735.png,train,1
2838.png,train,1
1256.png,train,1
2061.png,train,1
776.png,train,1
912.png,train,1
1784.png,train,1
2545.png,train,1
2535.png,train,1
558.png,train,1
1789.png,train,1
2678.png,train,1
315.png,train,1
232.png,train,1
1469.png,train,1
2467.png,train,1
1297.png,train,1
1162.png,train,1
2904.png,train,1
2924.png,train,1
2686.png,train,1
368.png,train,1
2544.png,train,1
826.png,train,1
153.png,train,1
1346.png,train,1
1559.png,train,1
1998.png,train,1
2640.png,train,1
1730.png,train,1
2067.png,train,1
2527.png,train,1
1273.png,train,1
3029.png,train,1
1369.png,train,1
2774.png,train,1
2454.png,train,1
913.png,train,1
2591.png,train,1
1190.png,train,1
1272.png,train,1
2426.png,train,1
1729.png,train,1
2140.png,train,1
1067.png,train,1
790.png,train,1
2532.png,train,1
1625.png,train,1
403.png,train,1
2264.png,train,1
523.png,train,1
1203.png,train,1
671.png,train,1
692.png,train,1
3032.png,train,1
2289.png,train,1
2491.png,train,1
2403.png,train,1
247.png,train,1
2322.png,train,1
1518.png,train,1
487.png,train,1
1398.png,train,1
2246.png,train,1
1456.png,train,1
326.png,train,1
724.png,train,1
2192.png,train,1
1477.png,train,1
2807.png,train,1
2722.png,train,1
1584.png,train,1
1988.png,train,1
2450.png,train,1
2190.png,train,1
483.png,train,1
2958.png,train,1
2511.png,train,1
629.png,train,1
2639.png,train,1
1012.png,train,1
1562.png,train,1
1786.png,train,1
2287.png,train,1
1040.png,train,1
471.png,train,1
691.png,train,1
1600.png,train,1
2132.png,train,1
1718.png,train,1
3024.png,train,1
176.png,train,1
842.png,train,1
1223.png,train,1
1962.png,train,1
944.png,train,1
1413.png,train,1
1612.png,train,1
2697.png,train,1
2888.png,train,1
2346.png,train,1
812.png,train,1
2250.png,train,1
1607.png,train,1
2156.png,train,1
1693.png,train,1
1886.png,train,1
1158.png,train,1
1331.png,train,1
2080.png,train,1
2321.png,train,1
409.png,train,1
983.png,train,1
2564.png,train,1
1015.png,train,1
2301.png,train,1
382.png,train,1
1919.png,train,1
1524.png,train,1
2249.png,train,1
3004.png,train,1
1480.png,train,1
1300.png,train,1
2148.png,train,1
1990.png,train,1
150.png,train,1
2333.png,train,1
2215.png,train,1
1761.png,train,1
2197.png,train,1
1169.png,train,1
287.png,train,1
2964.png,train,1
1377.png,train,1
2913.png,train,1
233.png,train,1
2997.png,train,1
70.png,train,1
545.png,train,1
1506.png,train,1
48.png,train,1
1866.png,train,1
1747.png,train,1
492.png,train,1
1597.png,train,1
112.png,train,1
2547.png,train,1
1654.png,train,1
11.png,train,1
463.png,train,1
1608.png,train,1
2353.png,train,1
1350.png,train,1
189.png,train,1
2701.png,train,1
3009.png,train,1
2240.png,train,1
676.png,train,1
1207.png,train,1
1871.png,train,1
1191.png,train,1
803.png,train,1
1471.png,train,1
1586.png,train,1
2335.png,train,1
3001.png,train,1
1487.png,train,1
1144.png,train,1
2210.png,train,1
1072.png,train,1
2070.png,train,1
472.png,train,1
2477.png,train,1
2399.png,train,1
2228.png,train,1
164.png,train,1
534.png,train,1
576.png,train,1
267.png,train,1
2316.png,train,1
2657.png,train,1
1661.png,train,1
2656.png,train,1
2895.png,train,1
2270.png,train,1
840.png,train,1
2350.png,train,1
807.png,train,1
1680.png,train,1
653.png,train,1
2518.png,train,1
1937.png,train,1
1161.png,train,1
1324.png,train,1
370.png,train,1
311.png,train,1
1811.png,train,1
1303.png,train,1
2406.png,train,1
1029.png,train,1
2786.png,train,1
2042.png,train,1
121.png,train,1
1883.png,train,1
2643.png,train,1
2698.png,train,1
373.png,train,1
269.png,train,1
1668.png,train,1
2160.png,train,1
841.png,train,1
1260.png,train,1
2839.png,train,1
3022.png,train,1
397.png,train,1
2275.png,train,1
2750.png,train,1
2539.png,train,1
2297.png,train,1
1768.png,train,1
1759.png,train,1
2578.png,train,1
73.png,train,1
739.png,train,1
245.png,train,1
446.png,train,1
1093.png,train,1
1813.png,train,1
2506.png,train,1
2664.png,train,1
1484.png,train,1
686.png,train,1
2127.png,train,1
3000.png,train,1
236.png,train,1
892.png,train,1
2826.png,train,1
165.png,train,1
683.png,train,1
1751.png,train,1
432.png,train,1
2871.png,train,1
2090.png,train,1
1669.png,train,1
1692.png,train,1
1964.png,train,1
2066.png,train,1
994.png,train,1
1311.png,train,1
2681.png,train,1
481.png,train,1
229.png,train,1
2141.png,train,1
288.png,train,1
263.png,train,1
2966.png,train,1
83.png,train,1
1578.png,train,1
1001.png,train,1
2597.png,train,1
1549.png,train,1
2007.png,train,1
2932.png,train,1
1683.png,train,1
1820.png,train,1
2660.png,train,1
2534.png,train,1
2879.png,train,1
1565.png,train,1
1146.png,train,1
2679.png,train,1
1289.png,train,1
2706.png,train,1
2452.png,train,1
2008.png,train,1
2178.png,train,1
1399.png,train,1
512.png,train,1
1304.png,train,1
748.png,train,1
1913.png,train,1
1505.png,train,1
1942.png,train,1
3026.png,train,1
2624.png,train,1
1821.png,train,1
156.png,train,1
2374.png,train,1
2010.png,train,1
1594.png,train,1
2395.png,train,1
2816.png,train,1
1323.png,train,1
2961.png,train,1
2921.png,train,1
723.png,train,1
1922.png,train,1
696.png,train,1
459.png,train,1
2637.png,train,1
2922.png,train,1
1196.png,train,1
1808.png,train,1
3030.png,train,1
1026.png,train,1
2089.png,train,1
633.png,train,1
1332.png,train,1
3034.png,train,1
1498.png,train,1
473.png,train,1
2195.png,train,1
2234.png,train,1
1056.png,train,1
760.png,train,1
1965.png,train,1
2361.png,train,1
2709.png,train,1
188.png,train,1
1587.png,train,1
2798.png,train,1
1271.png,train,1
438.png,train,1
458.png,train,1
1422.png,train,1
990.png,train,1
933.png,train,1
2866.png,train,1
894.png,train,1
460.png,train,1
2471.png,train,1
2220.png,train,1
1722.png,train,1
443.png,train,1
1393.png,train,1
744.png,train,1
1818.png,train,1
1923.png,train,1
2073.png,train,1
853.png,train,1
2285.png,train,1
835.png,train,1
2605.png,train,1
2020.png,train,1
2680.png,train,1
1800.png,train,1
2500.png,train,1
827.png,train,1
1652.png,train,1
1520.png,train,1
697.png,train,1
62.png,train,1
2993.png,train,1
1074.png,train,1
996.png,train,1
2479.png,train,1
2583.png,train,1
1795.png,train,1
2832.png,train,1
551.png,train,1
1588.png,train,1
1985.png,train,1
2352.png,train,1
1815.png,train,1
1664.png,train,1
134.png,train,1
321.png,train,1
122.png,train,1
491.png,train,1
1648.png,train,1
1670.png,train,1
672.png,train,1
51.png,train,1
489.png,train,1
2987.png,train,1
1979.png,train,1
770.png,train,1
2243.png,train,1
345.png,train,1
2151.png,train,1
1380.png,train,1
1569.png,train,1
2776.png,train,1
1887.png,train,1
2274.png,train,1
2029.png,train,1
69.png,train,1
1368.png,train,1
2470.png,train,1
2483.png,train,1
1086.png,train,1
2938.png,train,1
1552.png,train,1
2599.png,train,1
386.png,train,1
573.png,train,1
1039.png,train,1
2843.png,train,1
854.png,train,1
2133.png,train,1
2672.png,train,1
2627.png,train,1
2315.png,train,1
2863.png,train,1
346.png,train,1
942.png,train,1
1048.png,train,1
1517.png,train,1
2186.png,train,1
1650.png,train,1
2430.png,train,1
1868.png,train,1
2726.png,train,1
1085.png,train,1
2175.png,train,1
354.png,train,1
467.png,train,1
1982.png,train,1
910.png,train,1
1995.png,train,1
1558.png,train,1
2828.png,train,1
1799.png,val,1
357.png,val,1
1616.png,val,1
2343.png,val,1
1935.png,val,1
1257.png,val,1
907.png,val,1
1589.png,val,1
2785.png,val,1
2121.png,val,1
582.png,val,1
2457.png,val,1
217.png,val,1
1622.png,val,1
2540.png,val,1
135.png,val,1
986.png,val,1
1150.png,val,1
2935.png,val,1
2608.png,val,1
1546.png,val,1
2761.png,val,1
1312.png,val,1
2267.png,val,1
1467.png,val,1
632.png,val,1
1239.png,val,1
896.png,val,1
1411.png,val,1
763.png,val,1
2563.png,val,1
301.png,val,1
216.png,val,1
2225.png,val,1
893.png,val,1
38.png,val,1
2950.png,val,1
1932.png,val,1
13.png,val,1
2760.png,val,1
2115.png,val,1
2135.png,val,1
1925.png,val,1
1138.png,val,1
2146.png,val,1
2822.png,val,1
2959.png,val,1
2590.png,val,1
1006.png,val,1
1633.png,val,1
1314.png,val,1
1697.png,val,1
1956.png,val,1
1635.png,val,1
1342.png,val,1
637.png,val,1
9.png,val,1
1822.png,val,1
1412.png,val,1
125.png,val,1
564.png,val,1
2667.png,val,1
2169.png,val,1
2718.png,val,1
2748.png,val,1
402.png,val,1
1903.png,val,1
262.png,val,1
1493.png,val,1
577.png,val,1
1359.png,val,1
504.png,val,1
1606.png,val,1
1615.png,val,1
1224.png,val,1
1310.png,val,1
2903.png,val,1
2558.png,val,1
1270.png,val,1
1473.png,val,1
2851.png,val,1
2002.png,val,1
1216.png,val,1
1736.png,val,1
2329.png,val,1
271.png,val,1
2855.png,val,1
2820.png,val,1
2120.png,val,1
1046.png,val,1
1426.png,val,1
3021.png,val,1
348.png,val,1
215.png,val,1
1228.png,val,1
1192.png,val,1
2084.png,val,1
1522.png,val,1
1054.png,val,1
2188.png,val,1
580.png,val,1
2405.png,val,1
191.png,val,1
2165.png,val,1
1772.png,val,1
1417.png,val,1
2116.png,val,1
2092.png,val,1
2876.png,val,1
187.png,val,1
999.png,val,1
1739.png,val,1
1497.png,val,1
902.png,val,1
1766.png,val,1
1500.png,val,1
1921.png,val,1
862.png,val,1
2202.png,val,1
2071.png,val,1
851.png,val,1
2371.png,val,1
2292.png,val,1
2654.png,val,1
959.png,val,1
496.png,val,1
2437.png,val,1
2201.png,val,1
1969.png,val,1
950.png,val,1
1889.png,val,1
2158.png,val,1
1390.png,val,1
1069.png,val,1
2739.png,val,1
290.png,val,1
2846.png,val,1
1958.png,val,1
918.png,val,1
587.png,val,1
1961.png,val,1
823.png,val,1
1760.png,val,1
2996.png,val,1
1038.png,val,1
2091.png,val,1
2103.png,val,1
2328.png,val,1
2025.png,val,1
2382.png,val,1
1838.png,val,1
2889.png,val,1
374.png,val,1
2271.png,val,1
474.png,val,1
1122.png,val,1
2312.png,val,1
365.png,val,1
457.png,val,1
1970.png,val,1
2749.png,val,1
2100.png,val,1
1364.png,val,1
1977.png,val,1
2261.png,val,1
2062.png,val,1
2692.png,val,1
344.png,val,1
2873.png,val,1
2069.png,val,1
3013.png,val,1
1705.png,val,1
2691.png,val,1
941.png,val,1
2782.png,val,1
2410.png,val,1
2684.png,val,1
1438.png,val,1
2898.png,val,1
405.png,val,1
1047.png,val,1
2330.png,val,1
655.png,val,1
1291.png,val,1
2442.png,val,1
883.png,val,1
310.png,val,1
2354.png,val,1
1175.png,val,1
80.png,val,1
2185.png,val,1
1423.png,val,1
1967.png,val,1
1318.png,val,1
1788.png,val,1
2541.png,val,1
2460.png,val,1
2222.png,val,1
1111.png,val,1
574.png,val,1
222.png,val,1
166.png,val,1
86.png,val,1
1675.png,val,1
2436.png,val,1
2017.png,val,1
50.png,val,1
1875.png,val,1
1474.png,val,1
2836.png,val,1
1521.png,val,1
670.png,val,1
1618.png,val,1
1088.png,val,1
1791.png,val,1
442.png,val,1
1131.png,val,1
1171.png,val,1
650.png,val,1
1899.png,val,1
2364.png,val,1
1219.png,val,1
837.png,val,1
831.png,val,1
2824.png,val,1
68.png,val,1
2001.png,val,1
264.png,val,1
971.png,val,1
371.png,val,1
2317.png,val,1
2278.png,val,1
2763.png,val,1
1836.png,val,1
228.png,val,1
510.png,val,1
2031.png,val,1
546.png,val,1
1726.png,val,1
2790.png,val,1
1556.png,val,1
2666.png,val,1
1353.png,val,1
1117.png,val,1
2530.png,val,1
1116.png,val,1
915.png,val,1
598.png,val,1
2812.png,val,1
814.png,val,1
2573.png,val,1
2311.png,val,1
2510.png,val,1
1123.png,val,1
735.png,val,1
2693.png,val,1
2079.png,val,1
88.png,val,1
2890.png,val,1
1885.png,val,1
361.png,val,1
332.png,val,1
2630.png,val,1
2515.png,val,1
2174.png,val,1
2370.png,val,1
1022.png,val,1
2849.png,val,1
248.png,val,1
1084.png,val,1
2513.png,val,1
2634.png,val,1
1819.png,val,1
1258.png,val,1
2619.png,val,1
2806.png,val,1
349.png,val,1
2293.png,val,1
2586.png,val,1
2615.png,val,1
1265.png,val,1
186.png,val,1
1619.png,val,1
2489.png,val,1
1924.png,val,1
1611.png,val,1
879.png,val,1
1340.png,val,1
34.png,val,1
2251.png,val,1
2310.png,val,1
2074.png,val,1
1936.png,val,1
2126.png,val,1
1325.png,val,1
2707.png,val,1
2085.png,val,1
1953.png,val,1
2877.png,val,1
3011.png,val,1
2095.png,val,1
1983.png,val,1
2028.png,val,1
2746.png,val,1
2840.png,val,1
1642.png,val,1
2730.png,val,1
506.png,val,1
2659.png,val,1
2951.png,val,1
2717.png,val,1
2242.png,val,1
411.png,val,1
698.png,val,1
2801.png,val,1
1548.png,val,1
277.png,val,1
1503.png,val,1
1991.png,val,1
406.png,val,1
701.png,val,1
2800.png,val,1
30.png,val,1
1704.png,val,1
1879.png,val,1
2653.png,val,1
1441.png,val,1
1020.png,val,1
160.png,val,1
1971.png,val,1
2553.png,val,1
2912.png,val,1
2492.png,val,1
1773.png,val,1
2613.png,val,1
2766.png,val,1
1306.png,val,1
895.png,val,1
914.png,val,1
1195.png,val,1
1107.png,val,1
16.png,val,1
1790.png,val,1
799.png,val,1
2217.png,val,1
1938.png,val,1
74.png,val,1
2308.png,val,1
2991.png,val,1
2119.png,val,1
1357.png,val,1
1682.png,val,1
2835.png,val,1
2975.png,val,1
725.png,val,1
2716.png,val,1
611.png,val,1
2802.png,val,1
2260.png,val,1
599.png,val,1
591.png,val,1
2130.png,val,1
2193.png,val,1
1.png,val,1
37.png,val,1
2580.png,val,1
2182.png,val,1
462.png,val,1
1698.png,val,1
721.png,val,1
2636.png,val,1
1763.png,val,1
1525.png,val,1
395.png,val,1
2163.png,val,1
2565.png,val,1
2276.png,val,1
2589.png,val,1
2212.png,val,1
2960.png,val,1
2180.png,val,1
1515.png,val,1
223.png,val,1
2290.png,val,1
1295.png,val,1
2676.png,val,1
2418.png,val,1
1783.png,val,1
333.png,val,1
3006.png,val,1
1002.png,val,1
2694.png,val,1
1188.png,val,1
2011.png,val,1
1757.png,val,1
494.png,val,1
2497.png,val,1
1479.png,val,1
2976.png,val,1
2695.png,val,1
703.png,val,1
2348.png,val,1
2688.png,val,1
1452.png,val,1
1164.png,val,1
67.png,val,1
509.png,val,1
848.png,val,1
2035.png,val,1
636.png,val,1
1119.png,val,1
2294.png,val,1
843.png,val,1
2554.png,val,1
2969.png,val,1
2369.png,val,1
2101.png,val,1
943.png,val,1
210.png,val,1
2283.png,val,1
2549.png,val,1
1769.png,val,1
1103.png,val,1
1894.png,val,1
1910.png,val,1
2199.png,val,1
2363.png,val,1
2784.png,val,1
1792.png,val,1
1892.png,val,1
2825.png,test,1
1166.png,test,1
2487.png,test,1
1449.png,test,1
1643.png,test,1
858.png,test,1
1987.png,test,1
2602.png,test,1
2298.png,test,1
1717.png,test,1
1108.png,test,1
2604.png,test,1
1709.png,test,1
1655.png,test,1
1944.png,test,1
1626.png,test,1
736.png,test,1
415.png,test,1
2378.png,test,1
1427.png,test,1
1993.png,test,1
1830.png,test,1
2393.png,test,1
1170.png,test,1
2420.png,test,1
2209.png,test,1
1178.png,test,1
1526.png,test,1
2670.png,test,1
1601.png,test,1
387.png,test,1
515.png,test,1
2438.png,test,1
1151.png,test,1
36.png,test,1
1605.png,test,1
746.png,test,1
830.png,test,1
1036.png,test,1
42.png,test,1
2662.png,test,1
383.png,test,1
2714.png,test,1
838.png,test,1
2038.png,test,1
1538.png,test,1
2302.png,test,1
1010.png,test,1
1187.png,test,1
2093.png,test,1
765.png,test,1
1387.png,test,1
1214.png,test,1
1999.png,test,1
832.png,test,1
2954.png,test,1
2046.png,test,1
1806.png,test,1
2338.png,test,1
1832.png,test,1
605.png,test,1
2111.png,test,1
2077.png,test,1
966.png,test,1
861.png,test,1
1445.png,test,1
1478.png,test,1
957.png,test,1
1551.png,test,1
143.png,test,1
2177.png,test,1
396.png,test,1
103.png,test,1
304.png,test,1
634.png,test,1
2189.png,test,1
351.png,test,1
802.png,test,1
1638.png,test,1
2123.png,test,1
2439.png,test,1
1972.png,test,1
1290.png,test,1
2360.png,test,1
1544.png,test,1
718.png,test,1
2956.png,test,1
185.png,test,1
330.png,test,1
1308.png,test,1
1415.png,test,1
436.png,test,1
2777.png,test,1
1035.png,test,1
1305.png,test,1
674.png,test,1
2772.png,test,1
2179.png,test,1
1539.png,test,1
2538.png,test,1
2051.png,test,1
1951.png,test,1
2230.png,test,1
1809.png,test,1
2034.png,test,1
2239.png,test,1
3017.png,test,1
445.png,test,1
882.png,test,1
2631.png,test,1
1345.png,test,1
664.png,test,1
117.png,test,1
563.png,test,1
502.png,test,1
198.png,test,1
464.png,test,1
1499.png,test,1
2570.png,test,1
1939.png,test,1
1288.png,test,1
565.png,test,1
129.png,test,1
1741.png,test,1
1337.png,test,1
2963.png,test,1
1236.png,test,1
1636.png,test,1
3048.png,test,1
2944.png,test,1
2848.png,test,1
522.png,test,1
1210.png,test,1
1238.png,test,1
2229.png,test,1
1252.png,test,1
347.png,test,1
503.png,test,1
1243.png,test,1
1874.png,test,1
2167.png,test,1
1756.png,test,1
1627.png,test,1
2885.png,test,1
40.png,test,1
2645.png,test,1
2124.png,test,1
2764.png,test,1
2050.png,test,1
2517.png,test,1
1004.png,test,1
2474.png,test,1
1663.png,test,1
1244.png,test,1
2559.png,test,1
1856.png,test,1
2865.png,test,1
2881.png,test,1
2581.png,test,1
167.png,test,1
1943.png,test,1
1391.png,test,1
1057.png,test,1
341.png,test,1
1213.png,test,1
1408.png,test,1
379.png,test,1
2720.png,test,1
1315.png,test,1
1994.png,test,1
2793.png,test,1
78.png,test,1
1732.png,test,1
988.png,test,1
1573.png,test,1
2740.png,test,1
954.png,test,1
77.png,test,1
1762.png,test,1
1989.png,test,1
1455.png,test,1
2323.png,test,1
2566.png,test,1
1251.png,test,1
141.png,test,1
1226.png,test,1
2810.png,test,1
26.png,test,1
2647.png,test,1
2380.png,test,1
2675.png,test,1
1404.png,test,1
1395.png,test,1
1758.png,test,1
2584.png,test,1
2834.png,test,1
1968.png,test,1
2833.png,test,1
493.png,test,1
470.png,test,1
1543.png,test,1
809.png,test,1
1861.png,test,1
2880.png,test,1
21.png,test,1
1949.png,test,1
2986.png,test,1
789.png,test,1
2291.png,test,1
1132.png,test,1
128.png,test,1
1915.png,test,1
1245.png,test,1
712.png,test,1
1299.png,test,1
1027.png,test,1
974.png,test,1
54.png,test,1
192.png,test,1
392.png,test,1
538.png,test,1
1090.png,test,1
2319.png,test,1
1264.png,test,1
190.png,test,1
1986.png,test,1
1501.png,test,1
2751.png,test,1
2999.png,test,1
2700.png,test,1
2453.png,test,1
977.png,test,1
2551.png,test,1
2221.png,test,1
1798.png,test,1
336.png,test,1
1837.png,test,1
2646.png,test,1
612.png,test,1
3035.png,test,1
205.png,test,1
1665.png,test,1
376.png,test,1
2842.png,test,1
1529.png,test,1
152.png,test,1
31.png,test,1
1292.png,test,1
2882.png,test,1
1360.png,test,1
951.png,test,1
991.png,test,1
196.png,test,1
1240.png,test,1
1954.png,test,1
2206.png,test,1
2413.png,test,1
1465.png,test,1
1083.png,test,1
2892.png,test,1
2268.png,test,1
583.png,test,1
10.png,test,1
3045.png,test,1
337.png,test,1
1651.png,test,1
2455.png,test,1
872.png,test,1
979.png,test,1
624.png,test,1
847.png,test,1
754.png,test,1
2173.png,test,1
690.png,test,1
1440.png,test,1
2962.png,test,1
1714.png,test,1
2936.png,test,1
2043.png,test,1
101.png,test,1
276.png,test,1
1639.png,test,1
2689.png,test,1
2155.png,test,1
998.png,test,1
968.png,test,1
761.png,test,1
2056.png,test,1
328.png,test,1
1475.png,test,1
1043.png,test,1
39.png,test,1
2.png,test,1
3040.png,test,1
2815.png,test,1
570.png,test,1
2484.png,test,1
2496.png,test,1
1262.png,test,1
572.png,test,1
2642.png,test,1
1646.png,test,1
7.png,test,1
162.png,test,1
1457.png,test,1
1198.png,test,1
1381.png,test,1
291.png,test,1
297.png,test,1
1566.png,test,1
1880.png,test,1
2409.png,test,1
2552.png,test,1
520.png,test,1
2665.png,test,1
524.png,test,1
2041.png,test,1
335.png,test,1
421.png,test,1
1981.png,test,1
993.png,test,1
2049.png,test,1
1583.png,test,1
2779.png,test,1
769.png,test,1
2537.png,test,1
2930.png,test,1
816.png,test,1
184.png,test,1
2232.png,test,1
453.png,test,1
1834.png,test,1
1274.png,test,1
206.png,test,1
2560.png,test,1
2236.png,test,1
1135.png,test,1
1916.png,test,1
1233.png,test,1
2269.png,test,1
1881.png,test,1
404.png,test,1
758.png,test,1
2068.png,test,1
2476.png,test,1
2792.png,test,1
1659.png,test,1
1974.png,test,1
316.png,test,1
1687.png,test,1
737.png,test,1
625.png,test,1
130.png,test,1
788.png,test,1
2057.png,test,1
874.png,test,1
1829.png,test,1
2384.png,test,1
2441.png,test,1
1656.png,test,1
2421.png,test,1
740.png,test,1
2759.png,test,1
967.png,test,1
961.png,test,1
1419.png,test,1
193.png,test,1
1334.png,test,1
214.png,test,1
1911.png,test,1
84.png,test,1
1193.png,test,1
1293.png,test,1
1765.png,test,1
497.png,test,1
2408.png,test,1
661.png,test,1
702.png,test,1
2153.png,test,1
385.png,test,1
1330.png,test,1
2472.png,test,1
1516.png,test,1
324.png,test,1
2780.png,test,1
1183.png,test,1
2048.png,test,1
600.png,test,1
2341.png,test,1
2398.png,test,1
1403.png,test,1
2478.png,test,1
1388.png,test,1
1424.png,test,1
2313.png,test,1
1865.png,test,1
1629.png,test,1
2098.png,test,1
2327.png,test,1
2644.png,test,1
1644.png,test,1
1024.png,test,1
2099.png,test,1
542.png,test,1
2742.png,test,1
1884.png,test,1
2632.png,test,1
358.png,test,1
795.png,test,1
179.png,test,1
420.png,test,1
1114.png,test,1
594.png,test,1
2953.png,test,1
1929.png,test,1
1878.png,test,1
1392.png,test,1
1127.png,test,1
1134.png,test,1
2641.png,test,1
547.png,test,1
1366.png,test,1
359.png,test,1
899.png,test,1
1425.png,test,1
1570.png,test,1
1895.png,test,1
1975.png,test,1
2087.png,test,1
1109.png,test,1
1463.png,test,1
756.png,test,1
