fname,detected,yolo_conf,box_x1,box_y1,box_x2,box_y2,crop_h,crop_w,seg_input_h,seg_input_w,dice,iou,pixel_accuracy,sensitivity,specificity,t_detect_ms,t_seg_ms,t_total_ms,dice_Background,iou_Background,dice_Retinal Layer,iou_Retinal Layer,dice_PED,iou_PED,dice_SRF,iou_SRF,dice_IRF,iou_IRF,dice_RPE,iou_RPE
2506.png,True,0.4468,0,114,254,160,52,256,64,256,0.7524,0.6513,0.9609,0.8382,0.9672,46.38,158.95,243.35,0.9813,0.9633,0.7197,0.5621,0.8596,0.7537,0.4286,0.2727,0.5251,0.356,1.0,1.0
1531.png,True,0.7496,0,87,256,225,158,256,160,256,0.7813,0.7496,0.9847,0.8067,0.9922,45.31,403.7,1215.63,0.991,0.9822,0.723,0.5662,0.0,0.0,1.0,1.0,0.9739,0.9491,1.0,1.0
103.png,True,0.5923,0,81,256,178,111,256,128,256,0.6538,0.5531,0.9469,0.8079,0.9879,45.38,315.33,1985.23,0.9666,0.9353,0.6787,0.5136,0.9006,0.8192,0.7101,0.5505,0.6667,0.5,0.0,0.0
1594.png,True,0.5913,0,103,253,198,109,256,128,256,0.805,0.7293,0.9574,0.9516,0.9852,48.14,291.2,824.33,0.9771,0.9551,0.3608,0.2201,0.675,0.5094,0.8174,0.6912,1.0,1.0,1.0,1.0
2881.png,True,0.8562,0,49,256,161,128,256,128,256,0.8513,0.7642,0.9709,0.9789,0.9925,82.98,437.99,2059.34,0.9822,0.9651,0.651,0.4826,0.8056,0.6744,0.7233,0.5666,0.9455,0.8966,1.0,1.0
2007.png,True,0.3014,0,126,254,172,52,256,64,256,0.9136,0.8605,0.9389,0.9435,0.9602,74.64,228.81,1042.21,0.9634,0.9294,0.6904,0.5272,1.0,1.0,1.0,1.0,0.8279,0.7064,1.0,1.0
0.png,True,0.7026,0,0,254,118,126,256,128,256,0.8818,0.8285,0.9781,0.9555,0.9843,47.04,288.4,5309.25,0.9888,0.9778,0.5197,0.3511,0.7823,0.6424,1.0,1.0,1.0,1.0,1.0,1.0
1891.png,True,0.6248,0,0,255,199,213,256,224,256,0.9112,0.8652,0.9887,0.9694,0.9846,44.89,519.29,1072.9,0.9943,0.9886,0.6015,0.4301,0.8715,0.7723,1.0,1.0,1.0,1.0,1.0,1.0
1150.png,True,0.5389,0,105,255,204,113,256,128,256,0.82,0.7207,0.9702,0.866,0.9921,44.89,295.71,1471.94,0.9855,0.9713,0.795,0.6598,0.7962,0.6615,0.5634,0.3922,0.7799,0.6392,1.0,1.0
2267.png,True,0.7063,0,8,256,148,158,256,160,256,0.8761,0.8026,0.9842,0.9144,0.9733,45.62,359.82,1432.49,0.9919,0.9839,0.6883,0.5247,0.8387,0.7222,1.0,1.0,1.0,1.0,0.7378,0.5846
2960.png,True,0.4465,0,91,254,187,110,256,128,256,0.6962,0.5996,0.9478,0.8051,0.9633,71.24,423.7,1750.05,0.9759,0.953,0.7772,0.6356,0.7562,0.608,0.349,0.2114,1.0,1.0,0.3187,0.1896
23.png,True,0.5078,0,22,253,149,145,256,160,256,0.8454,0.7873,0.9797,0.9886,0.9901,75.7,506.6,1595.86,0.9896,0.9794,0.5828,0.4112,0.5,0.3333,1.0,1.0,1.0,1.0,1.0,1.0
1679.png,True,0.4915,0,100,256,173,83,256,96,256,0.7517,0.7007,0.9668,0.9518,0.9742,47.34,242.2,1718.0,0.9823,0.9652,0.7281,0.5724,1.0,1.0,0.0,0.0,0.8,0.6667,1.0,1.0
298.png,True,0.5917,0,23,254,186,185,256,192,256,0.8811,0.8081,0.9842,0.9468,0.9872,46.11,433.3,1189.83,0.9923,0.9846,0.7091,0.5494,0.7655,0.62,0.8197,0.6944,1.0,1.0,1.0,1.0
2879.png,True,0.87,0,50,256,165,131,256,160,256,0.5504,0.4847,0.9554,0.7789,0.9895,45.15,342.42,947.3,0.9733,0.948,0.8,0.6667,0.6041,0.4328,0.0,0.0,0.9253,0.8609,0.0,0.0
2814.png,True,0.5483,0,38,254,94,64,256,64,256,0.7639,0.6597,0.917,0.8621,0.9797,45.84,157.95,821.79,0.9531,0.9105,0.4898,0.3243,0.8681,0.767,0.5143,0.3462,0.758,0.6103,1.0,1.0
658.png,True,0.5513,0,58,253,200,162,256,192,256,0.7098,0.6398,0.9845,0.8213,0.9684,46.44,438.98,2110.38,0.9923,0.9848,0.6622,0.495,0.3627,0.2215,1.0,1.0,0.2418,0.1375,1.0,1.0
726.png,True,0.6307,0,33,255,138,119,256,128,256,0.8041,0.783,0.9856,0.9921,0.9922,46.7,281.63,1589.13,0.9925,0.9852,0.8322,0.7127,1.0,1.0,0.0,0.0,1.0,1.0,1.0,1.0
864.png,True,0.4811,0,93,256,149,64,256,64,256,0.8381,0.778,0.9701,0.8517,0.9798,45.13,172.93,1291.41,0.9835,0.9676,0.8539,0.7451,1.0,1.0,1.0,1.0,0.8632,0.7593,0.3279,0.1961
1086.png,True,0.5802,0,44,255,230,212,256,224,256,0.8649,0.7866,0.9838,0.9215,0.974,44.64,595.32,1848.52,0.9921,0.9843,0.7121,0.5529,0.7251,0.5688,0.7604,0.6134,1.0,1.0,1.0,1.0
545.png,True,0.7526,0,109,255,167,66,256,96,256,0.9347,0.8845,0.9327,0.9752,0.9862,70.41,317.1,997.16,0.9555,0.9147,0.8791,0.7843,1.0,1.0,0.8146,0.6872,0.9588,0.9209,1.0,1.0
1488.png,True,0.5592,0,104,256,177,83,256,96,256,0.8579,0.8109,0.9802,0.8567,0.9799,69.11,316.79,1014.69,0.9896,0.9794,0.8022,0.6698,1.0,1.0,1.0,1.0,0.3556,0.2162,1.0,1.0
2325.png,True,0.5948,0,127,254,200,83,256,96,256,0.841,0.7411,0.9497,0.9032,0.9836,44.68,219.71,1445.23,0.9751,0.9514,0.7816,0.6415,0.7796,0.6388,0.7216,0.5645,0.7883,0.6506,1.0,1.0
853.png,True,0.6101,1,93,256,159,76,256,96,256,0.8793,0.7931,0.9307,0.9414,0.9844,44.44,220.2,1133.11,0.9626,0.9279,0.8349,0.7166,0.7937,0.658,1.0,1.0,0.822,0.6978,0.8627,0.7586
2684.png,True,0.6701,0,70,254,138,78,256,96,256,0.911,0.8512,0.9721,0.9627,0.9862,45.94,218.54,1594.04,0.9851,0.9706,0.7171,0.559,1.0,1.0,0.8702,0.7702,0.8934,0.8073,1.0,1.0
666.png,True,0.5764,0,76,252,190,130,256,160,256,0.7265,0.6684,0.9456,0.9202,0.9702,45.62,350.15,1614.85,0.9728,0.947,0.6514,0.483,0.7346,0.5806,1.0,1.0,0.0,0.0,1.0,1.0
58.png,True,0.6801,0,84,254,187,117,256,128,256,0.9266,0.8726,0.9719,0.9884,0.9941,58.07,284.14,1780.08,0.984,0.9686,0.7983,0.6644,1.0,1.0,0.8529,0.7435,0.9242,0.859,1.0,1.0
1388.png,True,0.5495,0,35,255,161,144,256,160,256,0.5078,0.4496,0.8585,0.9585,0.963,46.85,753.99,1479.13,0.9232,0.8573,0.769,0.6247,0.0,0.0,0.3544,0.2154,0.0,0.0,1.0,1.0
848.png,True,0.5788,0,100,255,157,65,256,96,256,0.8169,0.7203,0.9073,0.8711,0.9718,48.71,236.83,1335.03,0.9442,0.8942,0.9024,0.8221,0.8262,0.7039,1.0,1.0,0.7131,0.5541,0.5157,0.3474
2913.png,True,0.4291,0,100,253,168,78,256,96,256,0.8254,0.7383,0.9325,0.9454,0.9818,75.74,344.69,1182.85,0.962,0.9268,0.682,0.5175,0.7432,0.5913,0.5653,0.394,1.0,1.0,1.0,1.0
2692.png,True,0.6651,0,112,256,182,80,256,96,256,0.9008,0.8266,0.9735,0.9669,0.9872,103.84,435.46,81918.79,0.9857,0.9718,0.8347,0.7164,0.892,0.805,0.8428,0.7283,1.0,1.0,0.8493,0.7381
2934.png,True,0.8582,0,69,255,178,125,256,128,256,0.8519,0.7625,0.9562,0.9009,0.9869,50.71,309.26,590.92,0.972,0.9454,0.7689,0.6245,0.6528,0.4845,1.0,1.0,0.934,0.8762,0.7837,0.6444
2317.png,True,0.6136,0,129,256,198,79,256,96,256,0.8164,0.7201,0.9492,0.8119,0.9687,46.57,244.83,774.37,0.9707,0.943,0.8343,0.7158,0.5848,0.4132,0.8884,0.7991,0.6203,0.4495,1.0,1.0
889.png,True,0.4309,1,91,256,136,51,256,64,256,0.8046,0.7095,0.9363,0.8106,0.9772,45.16,163.79,654.61,0.9699,0.9416,0.8706,0.7709,0.7439,0.5922,0.802,0.6695,0.4413,0.2831,1.0,1.0
634.png,True,0.6741,0,111,255,178,77,256,96,256,0.6678,0.5674,0.8853,0.8333,0.953,56.54,230.64,804.65,0.9359,0.8795,0.4794,0.3153,0.8335,0.7146,0.5484,0.3778,0.2098,0.1172,1.0,1.0
458.png,True,0.5604,0,39,256,124,97,256,128,256,0.9034,0.8566,0.9837,0.985,0.9872,45.32,374.18,898.44,0.9915,0.9832,0.8675,0.766,1.0,1.0,0.5616,0.3904,1.0,1.0,1.0,1.0
2449.png,True,0.5922,0,99,254,171,82,256,96,256,0.8605,0.7679,0.9651,0.9462,0.9912,46.27,227.55,511.12,0.9818,0.9642,0.7816,0.6414,0.7611,0.6143,0.8201,0.6951,0.8184,0.6926,1.0,1.0
276.png,True,0.5868,0,77,256,131,62,256,64,256,0.8469,0.7839,0.9634,0.8641,0.9773,48.55,174.48,431.94,0.9796,0.96,0.8385,0.7219,1.0,1.0,0.8783,0.783,0.3852,0.2386,1.0,1.0
1871.png,True,0.3012,0,145,252,188,49,256,64,256,0.755,0.7037,0.9364,0.7618,0.9674,46.21,161.7,402.94,0.964,0.9305,1.0,1.0,0.8294,0.7086,0.7368,0.5833,0.0,0.0,1.0,1.0
2087.png,True,0.8026,0,55,256,160,119,256,128,256,0.7315,0.6669,0.9253,0.9604,0.983,46.38,288.73,535.68,0.9558,0.9153,0.7497,0.5996,0.0,0.0,1.0,1.0,0.954,0.9121,0.7295,0.5742
2419.png,True,0.5223,0,105,254,169,72,256,96,256,0.8956,0.8288,0.9688,0.9712,0.9873,46.87,227.97,608.59,0.9832,0.967,0.8332,0.714,1.0,1.0,0.692,0.529,0.8654,0.7628,1.0,1.0
1663.png,True,0.5317,0,98,256,158,68,256,96,256,0.8987,0.8438,0.9746,0.9054,0.9612,45.58,238.45,531.66,0.9866,0.9736,0.76,0.6129,1.0,1.0,1.0,1.0,0.6453,0.4764,1.0,1.0
885.png,True,0.4703,0,92,256,140,54,256,64,256,0.9054,0.8422,0.9515,0.9193,0.9812,48.29,165.9,672.6,0.9703,0.9423,0.8368,0.7194,1.0,1.0,0.9101,0.8351,0.7151,0.5565,1.0,1.0
1745.png,True,0.6185,0,107,254,179,82,256,96,256,0.892,0.8138,0.9474,0.9347,0.9838,45.17,229.84,800.23,0.97,0.9417,0.8212,0.6966,0.8724,0.7736,1.0,1.0,0.9075,0.8306,0.7809,0.6405
971.png,True,0.5433,0,123,254,188,75,256,96,256,0.9079,0.8473,0.9776,0.9367,0.9885,47.35,229.15,785.92,0.9878,0.9759,0.8863,0.7958,1.0,1.0,0.8685,0.7675,0.7049,0.5443,1.0,1.0
589.png,True,0.5617,0,92,255,189,111,256,128,256,0.9053,0.8526,0.9872,0.9534,0.982,48.06,288.36,654.96,0.9934,0.987,0.7719,0.6285,0.6667,0.5,1.0,1.0,1.0,1.0,1.0,1.0
2947.png,True,0.5972,0,86,255,195,125,256,128,256,0.8272,0.7363,0.9616,0.9346,0.9866,69.72,445.61,801.97,0.9792,0.9593,0.7835,0.6441,0.8794,0.7847,0.8208,0.6961,1.0,1.0,0.5,0.3333
185.png,True,0.5998,0,47,253,119,82,256,96,256,0.8113,0.6936,0.967,0.8977,0.9833,70.66,324.11,878.64,0.9823,0.9652,0.7431,0.5912,0.829,0.708,0.68,0.5152,0.8434,0.7292,0.7901,0.6531
2764.png,True,0.6989,0,82,255,167,97,256,128,256,0.7349,0.6779,0.9634,0.9338,0.9884,89.09,458.2,921.66,0.979,0.9588,0.6406,0.4712,0.0,0.0,0.8181,0.6922,0.972,0.9455,1.0,1.0
2841.png,True,0.6161,0,92,255,150,66,256,96,256,0.5362,0.4796,0.9152,0.7478,0.9607,69.76,343.47,704.99,0.9755,0.9523,0.0,0.0,0.1843,0.1015,0.8124,0.6841,0.245,0.1396,1.0,1.0
2617.png,True,0.6674,0,137,256,218,93,256,96,256,0.6401,0.5411,0.953,0.7106,0.9841,79.07,350.07,900.43,0.9766,0.9542,0.6368,0.4672,0.6997,0.5381,0.9186,0.8495,0.0,0.0,0.6087,0.4375
641.png,True,0.5314,0,102,256,169,77,256,96,256,0.3987,0.3695,0.9547,0.6439,0.9535,77.0,332.52,974.12,0.9769,0.9549,0.4154,0.2621,0.0,0.0,0.0,0.0,0.0,0.0,1.0,1.0
2360.png,True,0.6943,0,110,255,213,117,256,128,256,0.8216,0.7649,0.9762,0.8533,0.9878,77.2,429.82,739.07,0.9869,0.9741,0.7273,0.5714,1.0,1.0,0.9375,0.8824,0.2782,0.1616,1.0,1.0
2694.png,True,0.6284,0,119,256,182,71,256,96,256,0.8837,0.8016,0.9621,0.9599,0.9868,71.83,343.84,612.57,0.9781,0.9571,0.8009,0.668,0.9013,0.8203,0.8184,0.6926,1.0,1.0,0.8034,0.6714
551.png,True,0.7699,0,109,254,169,68,256,96,256,0.9534,0.9163,0.9651,0.9643,0.9914,72.92,340.82,594.34,0.9751,0.9513,0.8328,0.7135,1.0,1.0,0.944,0.894,0.9686,0.9391,1.0,1.0
1162.png,True,0.5334,0,112,255,215,117,256,128,256,0.8972,0.8289,0.9873,0.9723,0.9873,51.04,303.9,570.99,0.9935,0.9871,0.817,0.6906,0.7847,0.6457,0.7879,0.65,1.0,1.0,1.0,1.0
1640.png,True,0.6364,0,101,255,163,70,256,96,256,0.7298,0.658,0.9117,0.9253,0.9731,44.8,222.89,505.77,0.9447,0.8951,0.77,0.626,0.0,0.0,0.8016,0.6688,0.8623,0.758,1.0,1.0
74.png,True,0.5363,0,47,256,116,79,256,96,256,0.7525,0.7033,0.9834,0.8192,0.9898,45.86,240.63,471.24,0.9914,0.983,0.8166,0.6901,1.0,1.0,0.0,0.0,0.7071,0.5469,1.0,1.0
6.png,True,0.6638,0,0,254,129,138,256,160,256,0.8588,0.7887,0.9799,0.9602,0.9882,46.15,349.84,595.34,0.99,0.9801,0.5818,0.4102,0.6667,0.5,1.0,1.0,0.9141,0.8418,1.0,1.0
344.png,True,0.4866,0,30,256,120,102,256,128,256,0.8348,0.8084,0.9741,0.9791,0.9862,61.58,288.37,567.0,0.9861,0.9725,0.1285,0.0687,0.8944,0.8089,1.0,1.0,1.0,1.0,1.0,1.0
760.png,True,0.5013,0,93,254,171,88,256,96,256,0.7464,0.6941,0.9755,0.8149,0.9895,45.98,231.28,587.94,0.9873,0.9749,0.7678,0.6231,1.0,1.0,0.7232,0.5664,0.0,0.0,1.0,1.0
278.png,True,0.5234,0,85,254,127,48,256,64,256,0.9417,0.9009,0.9768,0.9797,0.9889,46.56,159.93,564.87,0.9873,0.9749,0.8851,0.7939,1.0,1.0,0.7778,0.6364,1.0,1.0,1.0,1.0
532.png,True,0.578,0,86,255,173,99,256,128,256,0.9013,0.8463,0.9778,0.9574,0.9658,48.49,303.73,671.53,0.9886,0.9775,0.6929,0.5301,1.0,1.0,0.7263,0.5702,1.0,1.0,1.0,1.0
871.png,True,0.4006,0,95,255,145,58,256,64,256,0.5041,0.4325,0.9485,0.7816,0.9647,45.15,158.13,457.11,0.9712,0.9439,0.8286,0.7074,0.0,0.0,0.0,0.0,0.812,0.6835,0.4129,0.2602
2081.png,True,0.6983,0,65,256,181,132,256,160,256,0.8074,0.7303,0.949,0.8535,0.9869,46.08,366.88,642.53,0.9721,0.9457,0.2922,0.1711,0.8757,0.7789,0.8766,0.7804,1.0,1.0,0.8277,0.7061
468.png,True,0.474,0,6,256,183,195,256,224,256,0.7413,0.713,0.9814,0.9629,0.9695,46.48,478.78,778.05,0.9907,0.9816,0.4569,0.2961,0.0,0.0,1.0,1.0,1.0,1.0,1.0,1.0
873.png,True,0.5508,0,86,254,135,55,256,64,256,0.9787,0.9616,0.9813,0.989,0.989,45.32,156.0,687.86,0.9899,0.9799,0.8825,0.7898,1.0,1.0,1.0,1.0,1.0,1.0,1.0,1.0
289.png,True,0.5286,0,25,255,187,184,256,192,256,0.8155,0.7426,0.9836,0.9462,0.9796,58.58,411.55,863.85,0.9923,0.9848,0.6947,0.5322,0.8266,0.7044,0.3796,0.2342,1.0,1.0,1.0,1.0
2572.png,True,0.6291,0,48,255,158,126,256,128,256,0.9568,0.9232,0.9884,0.9856,0.9922,45.24,303.71,685.73,0.9939,0.9879,0.8605,0.7552,1.0,1.0,1.0,1.0,0.8864,0.796,1.0,1.0
1013.png,True,0.3183,0,90,256,189,113,256,128,256,0.7533,0.7052,0.9829,0.9559,0.9697,46.48,289.31,537.15,0.9912,0.9826,0.0,0.0,0.6899,0.5266,1.0,1.0,0.8384,0.7218,1.0,1.0
648.png,True,0.7457,0,109,256,195,98,256,128,256,0.6994,0.6104,0.9236,0.788,0.9724,45.66,282.23,772.1,0.9607,0.9243,0.7845,0.6454,0.7213,0.564,0.8235,0.7,0.0,0.0,0.9063,0.8286
775.png,True,0.5631,0,100,256,160,68,256,96,256,0.848,0.7498,0.9206,0.9245,0.9779,69.92,359.53,839.71,0.953,0.9103,0.7663,0.6211,0.7773,0.6357,0.8628,0.7587,0.7287,0.5732,1.0,1.0
164.png,True,0.6404,0,73,256,168,109,256,128,256,0.7202,0.6586,0.9602,0.9674,0.9904,71.6,412.46,802.69,0.9782,0.9573,1.0,1.0,0.5838,0.4122,0.0,0.0,0.8155,0.6885,0.9438,0.8937
2162.png,True,0.5724,0,74,255,200,144,256,160,256,0.7235,0.6306,0.9537,0.9371,0.9821,70.42,509.86,830.78,0.9751,0.9513,0.1754,0.0962,0.6839,0.5197,0.8134,0.6855,0.6934,0.5307,1.0,1.0
627.png,True,0.7301,0,95,255,196,115,256,128,256,0.8574,0.7549,0.9327,0.9357,0.986,95.85,434.68,840.79,0.9578,0.9191,0.7969,0.6623,0.8405,0.7249,0.7934,0.6575,0.861,0.7559,0.8948,0.8096
887.png,True,0.3976,0,94,256,136,48,256,64,256,0.9149,0.8543,0.9456,0.9423,0.9842,71.32,229.88,520.72,0.9661,0.9344,0.8918,0.8048,1.0,1.0,0.8786,0.7835,0.7527,0.6034,1.0,1.0
1356.png,True,0.5797,0,71,256,155,96,256,96,256,0.8534,0.7735,0.9566,0.8814,0.9908,72.02,339.67,889.24,0.9794,0.9597,0.878,0.7825,0.8854,0.7944,0.8608,0.7556,0.517,0.3486,1.0,1.0
257.png,True,0.6351,0,12,256,255,256,256,256,256,0.8838,0.8617,0.9869,0.9873,0.9873,72.12,847.1,1188.48,0.9934,0.9868,0.3095,0.1831,1.0,1.0,1.0,1.0,1.0,1.0,1.0,1.0
1491.png,True,0.5517,0,85,256,153,78,256,96,256,0.9426,0.9045,0.9781,0.9872,0.9915,78.6,345.8,640.12,0.9884,0.977,0.7431,0.5912,1.0,1.0,1.0,1.0,0.9239,0.8586,1.0,1.0
1223.png,True,0.4041,0,50,255,135,97,256,128,256,0.7466,0.7177,0.9836,0.8191,0.9736,63.66,294.57,732.08,0.9917,0.9835,0.4882,0.3229,1.0,1.0,1.0,1.0,0.0,0.0,1.0,1.0
1579.png,True,0.6639,0,66,256,140,84,256,96,256,0.8783,0.8025,0.9519,0.9189,0.9698,46.22,226.27,481.67,0.9736,0.9486,0.7417,0.5895,1.0,1.0,0.8272,0.7053,0.7273,0.5714,1.0,1.0
239.png,True,0.7672,0,89,256,168,91,256,96,256,0.9345,0.885,0.9536,0.9706,0.9855,59.77,230.27,461.56,0.9688,0.9396,0.7941,0.6586,1.0,1.0,0.9081,0.8317,0.9362,0.88,1.0,1.0
1619.png,True,0.5692,0,35,255,200,189,256,192,256,0.8676,0.8104,0.9844,0.9891,0.9913,46.11,427.22,923.66,0.992,0.9842,0.5352,0.3654,0.6782,0.5131,1.0,1.0,1.0,1.0,1.0,1.0
2319.png,True,0.6192,0,130,253,197,77,256,96,256,0.9481,0.9088,0.9656,0.9922,0.9937,46.17,224.1,468.53,0.9804,0.9615,0.8372,0.7201,1.0,1.0,0.8707,0.771,1.0,1.0,1.0,1.0
2678.png,True,0.7141,0,72,254,141,79,256,96,256,0.8467,0.7677,0.9525,0.8993,0.9799,45.49,242.01,509.87,0.9738,0.9489,0.6457,0.4768,1.0,1.0,0.8538,0.7449,0.607,0.4358,1.0,1.0
1551.png,True,0.3798,2,101,256,155,62,256,64,256,0.73,0.6334,0.9432,0.8375,0.9745,47.02,158.43,424.9,0.9705,0.9428,0.663,0.4959,0.7909,0.6542,0.7386,0.5855,0.2172,0.1218,1.0,1.0
931.png,True,0.2976,0,99,256,180,93,256,96,256,0.7216,0.6803,0.9706,0.9798,0.9879,46.36,226.9,495.49,0.985,0.9704,0.4361,0.2788,0.9086,0.8325,0.0,0.0,1.0,1.0,1.0,1.0
2346.png,True,0.6866,0,84,254,194,126,256,128,256,0.7255,0.6616,0.9727,0.7934,0.9897,46.72,283.82,577.72,0.9851,0.9706,0.6801,0.5153,0.9401,0.887,0.7476,0.5969,0.0,0.0,1.0,1.0
1300.png,True,0.3763,0,125,253,184,67,256,96,256,0.6183,0.5752,0.9549,0.8408,0.9805,45.99,243.3,512.49,0.9779,0.9567,0.0,0.0,0.5888,0.4173,1.0,1.0,0.1429,0.0769,1.0,1.0
2264.png,True,0.6768,0,10,256,146,156,256,160,256,0.745,0.693,0.9752,0.9637,0.9825,44.92,355.62,717.61,0.9874,0.9751,0.6905,0.5273,0.7919,0.6555,1.0,1.0,1.0,1.0,0.0,0.0
194.png,True,0.4125,0,61,253,111,58,256,64,256,0.6828,0.5914,0.9525,0.8079,0.9448,62.14,156.31,454.37,0.9775,0.956,0.5625,0.3913,0.7139,0.555,1.0,1.0,0.0967,0.0508,0.7463,0.5952
1309.png,True,0.5463,0,65,256,149,96,256,96,256,0.9014,0.8342,0.9733,0.9579,0.9814,48.31,229.39,585.13,0.9866,0.9736,0.8174,0.6911,0.7783,0.6371,1.0,1.0,0.826,0.7036,1.0,1.0
2968.png,True,0.4435,0,71,254,173,116,256,128,256,0.7575,0.709,0.9804,0.7985,0.9786,45.92,297.3,819.87,0.9898,0.9798,0.7485,0.5981,0.8067,0.6761,1.0,1.0,1.0,1.0,0.0,0.0
895.png,True,0.5751,0,89,254,139,58,256,64,256,0.9507,0.9131,0.9736,0.9918,0.9934,46.0,175.87,589.2,0.9855,0.9714,0.8536,0.7446,1.0,1.0,0.8653,0.7626,1.0,1.0,1.0,1.0
1016.png,True,0.5117,0,88,256,190,116,256,128,256,0.8439,0.836,0.9768,0.98,0.98,46.1,282.21,476.31,0.9883,0.9768,0.0752,0.0391,1.0,1.0,1.0,1.0,1.0,1.0,1.0,1.0
1657.png,True,0.4908,1,103,256,159,64,256,64,256,0.8994,0.8445,0.9711,0.9455,0.9804,45.84,157.68,394.97,0.9847,0.9699,0.7648,0.6192,1.0,1.0,1.0,1.0,0.6467,0.4778,1.0,1.0
1343.png,True,0.465,0,103,256,196,107,256,128,256,0.8058,0.7274,0.9788,0.8172,0.9634,46.41,437.15,918.0,0.9905,0.9811,0.8112,0.6823,0.4573,0.2965,1.0,1.0,0.5759,0.4043,1.0,1.0
96.png,True,0.6734,0,104,253,169,75,256,96,256,0.6854,0.5914,0.9076,0.7878,0.976,70.51,330.72,675.32,0.9402,0.8871,0.7423,0.5902,0.7198,0.5622,0.7782,0.637,0.9317,0.8722,0.0,0.0
1003.png,True,0.521,0,58,256,126,78,256,96,256,0.5951,0.5492,0.9773,0.7907,0.9707,71.68,346.18,631.17,0.9884,0.977,0.729,0.5735,0.0,0.0,0.8535,0.7444,0.0,0.0,1.0,1.0
1325.png,True,0.4271,0,69,256,142,83,256,96,256,0.9406,0.8991,0.9834,0.9916,0.9951,72.42,333.28,618.25,0.9912,0.9826,0.7838,0.6445,0.8684,0.7673,1.0,1.0,1.0,1.0,1.0,1.0
337.png,True,0.6997,0,69,254,152,95,256,96,256,0.874,0.8073,0.9625,0.8795,0.984,72.23,342.25,632.12,0.9792,0.9593,0.7498,0.5998,1.0,1.0,0.9327,0.874,0.5824,0.4108,1.0,1.0
516.png,True,0.496,0,58,255,119,69,256,96,256,0.7509,0.6573,0.9267,0.8091,0.965,76.81,335.04,751.01,0.959,0.9212,0.7509,0.6012,0.2232,0.1256,0.7996,0.6661,0.7727,0.6296,1.0,1.0
203.png,True,0.3984,2,69,255,122,61,256,64,256,0.3795,0.3086,0.9709,0.6749,0.9418,74.94,247.28,639.67,0.9851,0.9706,0.0,0.0,0.0,0.0,0.5435,0.3731,0.5978,0.4263,0.1509,0.0816
2941.png,True,0.812,0,85,256,177,104,256,128,256,0.7107,0.6498,0.9732,0.7233,0.9861,77.08,451.7,715.67,0.9841,0.9687,0.7513,0.6017,1.0,1.0,0.0,0.0,0.9686,0.9391,0.5604,0.3893
2145.png,True,0.6472,0,36,255,175,159,256,160,256,0.8858,0.8392,0.9789,0.9619,0.985,46.06,348.08,1450.03,0.9891,0.9785,0.467,0.3047,0.8585,0.7521,1.0,1.0,1.0,1.0,1.0,1.0
2066.png,True,0.7587,0,57,255,182,143,256,160,256,0.601,0.5509,0.9395,0.7995,0.9852,63.46,351.29,750.99,0.9671,0.9363,0.0,0.0,0.8148,0.6875,0.8732,0.7749,0.0,0.0,0.9512,0.9069
503.png,True,0.6393,0,51,255,125,84,256,96,256,0.9233,0.8665,0.9586,0.9714,0.9859,45.48,237.05,746.95,0.9753,0.9517,0.7948,0.6594,1.0,1.0,0.8665,0.7645,0.9031,0.8232,1.0,1.0
2769.png,True,0.637,0,85,254,165,92,256,96,256,0.9248,0.8718,0.9721,0.9739,0.9883,45.42,220.49,507.33,0.9841,0.9686,0.7639,0.618,1.0,1.0,0.853,0.7437,0.9475,0.9002,1.0,1.0
1765.png,True,0.8086,0,113,255,207,108,256,128,256,0.6962,0.62,0.9083,0.9264,0.9731,49.25,316.28,614.94,0.9403,0.8874,0.0,0.0,0.5747,0.4032,0.777,0.6353,0.8852,0.7941,1.0,1.0
2888.png,True,0.7908,0,76,256,156,92,256,96,256,0.572,0.4719,0.933,0.7758,0.9812,46.77,226.13,534.19,0.9604,0.9238,0.71,0.5503,0.3831,0.2369,0.4958,0.3296,0.8831,0.7906,0.0,0.0
1719.png,True,0.5358,0,102,256,193,103,256,128,256,0.8805,0.8056,0.9714,0.9332,0.9887,45.8,301.79,1414.72,0.9847,0.9699,0.7454,0.5941,1.0,1.0,0.7899,0.6527,0.7629,0.6167,1.0,1.0
1690.png,True,0.5183,0,131,254,218,99,256,128,256,0.9101,0.8468,0.9696,0.977,0.9913,46.68,283.23,544.6,0.9832,0.967,0.7798,0.639,0.8575,0.7506,1.0,1.0,0.84,0.7242,1.0,1.0
1076.png,True,0.5698,0,57,255,230,197,256,224,256,0.9599,0.9349,0.9913,0.9768,0.9768,45.78,491.79,728.46,0.9955,0.9911,0.764,0.6182,1.0,1.0,1.0,1.0,1.0,1.0,1.0,1.0
2840.png,True,0.4676,0,90,253,150,68,256,96,256,0.4771,0.443,0.8983,0.6927,0.9559,46.33,228.99,695.34,0.975,0.9512,0.0,0.0,0.0036,0.0018,0.7933,0.6574,0.0907,0.0475,1.0,1.0
1285.png,True,0.3963,0,95,253,157,70,256,96,256,0.9795,0.9631,0.991,0.9928,0.9928,45.57,223.47,489.66,0.9953,0.9906,0.8816,0.7882,1.0,1.0,1.0,1.0,1.0,1.0,1.0,1.0
859.png,True,0.6952,0,82,256,159,87,256,96,256,0.7379,0.6703,0.938,0.9707,0.9837,45.12,253.49,604.87,0.9642,0.9308,0.8266,0.7045,0.0,0.0,1.0,1.0,0.8454,0.7322,0.791,0.6542
2068.png,True,0.6141,1,64,256,186,140,256,160,256,0.8163,0.7132,0.9477,0.8682,0.9882,45.86,349.83,604.81,0.9712,0.9439,0.4983,0.3318,0.8551,0.7469,0.8968,0.8129,0.8231,0.6993,0.8533,0.7442
2933.png,True,0.8304,0,69,255,179,126,256,128,256,0.8308,0.7214,0.9501,0.9089,0.9871,47.09,426.38,667.67,0.9679,0.9379,0.7838,0.6444,0.8416,0.7265,0.6723,0.5063,0.9041,0.825,0.8152,0.6881
738.png,True,0.503,0,94,253,170,86,256,96,256,0.9735,0.9536,0.9859,0.9861,0.9861,71.76,344.19,713.07,0.9926,0.9853,0.8482,0.7364,1.0,1.0,1.0,1.0,1.0,1.0,1.0,1.0
1654.png,True,0.5149,0,93,255,158,75,256,96,256,0.812,0.7812,0.9766,0.8173,0.9502,70.95,323.33,672.88,0.9878,0.9759,0.8011,0.6682,1.0,1.0,1.0,1.0,0.0828,0.0432,1.0,1.0
319.png,True,0.659,0,53,256,156,117,256,128,256,0.8876,0.807,0.9678,0.9466,0.987,78.04,411.47,889.72,0.983,0.9665,0.8073,0.6769,0.8105,0.6814,0.8454,0.7322,1.0,1.0,0.8795,0.7849
2041.png,True,0.5938,0,67,255,209,162,256,192,256,0.7616,0.6644,0.9824,0.8608,0.9666,74.41,609.07,1193.39,0.991,0.9821,0.3357,0.2017,1.0,1.0,0.7593,0.612,0.6653,0.4985,0.8182,0.6923
225.png,True,0.6018,0,102,256,180,88,256,96,256,0.9161,0.857,0.9717,0.9394,0.9909,77.36,298.73,721.84,0.9836,0.9678,0.8058,0.6747,1.0,1.0,0.9176,0.8478,0.7893,0.6519,1.0,1.0
1523.png,True,0.6594,0,110,256,194,96,256,96,256,0.7162,0.5969,0.9281,0.9502,0.9826,45.17,225.52,518.63,0.9599,0.9229,0.579,0.4075,0.3601,0.2196,0.6752,0.5097,0.8061,0.6751,0.9169,0.8466
1298.png,True,0.3706,0,124,253,184,68,256,96,256,0.3545,0.2952,0.9602,0.9579,0.9856,45.58,225.18,602.91,0.9807,0.9621,0.5095,0.3418,0.6368,0.4672,0.0,0.0,0.0,0.0,0.0,0.0
1447.png,True,0.5175,0,94,254,177,95,256,96,256,0.9334,0.8908,0.9754,0.9908,0.994,45.86,222.97,466.14,0.9868,0.974,0.7174,0.5593,1.0,1.0,0.896,0.8116,1.0,1.0,1.0,1.0
1399.png,True,0.5988,0,10,255,133,141,256,160,256,0.7053,0.6326,0.9795,0.715,0.9727,44.98,344.84,872.59,0.9898,0.9797,0.62,0.4493,0.0,0.0,1.0,1.0,0.8458,0.7328,0.7761,0.6341
1055.png,True,0.8191,0,125,255,203,88,256,96,256,0.9335,0.8868,0.9731,0.9808,0.994,45.41,242.95,523.33,0.9828,0.9661,0.7566,0.6085,1.0,1.0,0.891,0.8035,0.9706,0.9429,1.0,1.0
2775.png,True,0.7056,0,65,254,153,100,256,128,256,0.9427,0.8972,0.9655,0.9639,0.9879,45.58,288.87,566.9,0.9799,0.9606,0.8374,0.7203,1.0,1.0,0.9073,0.8303,0.9315,0.8718,1.0,1.0
2213.png,True,0.4444,0,0,255,210,225,256,256,256,0.7529,0.7021,0.9693,0.9367,0.9791,46.67,571.53,834.36,0.9852,0.9709,0.7669,0.622,0.0,0.0,1.0,1.0,0.7653,0.6198,1.0,1.0
712.png,True,0.6135,0,99,253,160,69,256,96,256,0.8525,0.7926,0.9121,0.9247,0.9696,47.14,220.93,469.76,0.9546,0.9132,0.7139,0.5551,1.0,1.0,0.4467,0.2876,1.0,1.0,1.0,1.0
2935.png,True,0.6965,0,101,256,174,83,256,96,256,0.709,0.6379,0.9685,0.8089,0.982,45.65,224.89,443.35,0.9831,0.9667,0.756,0.6077,1.0,1.0,0.6313,0.4613,0.8836,0.7915,0.0,0.0
410.png,True,0.5489,0,105,253,213,124,256,128,256,0.6861,0.6354,0.9835,0.9319,0.9506,48.35,307.97,805.55,0.9924,0.985,0.0,0.0,0.7442,0.5927,0.38,0.2346,1.0,1.0,1.0,1.0
1038.png,True,0.5643,0,55,256,229,198,256,224,256,0.7469,0.6857,0.9726,0.9451,0.9874,45.21,475.55,833.79,0.9853,0.9709,0.7972,0.6628,0.8124,0.6841,0.0,0.0,1.0,1.0,0.8865,0.7961
399.png,True,0.5669,0,93,255,188,109,256,128,256,0.9322,0.8884,0.9846,0.9922,0.9941,46.21,287.2,563.93,0.992,0.9841,0.8686,0.7677,0.7329,0.5784,1.0,1.0,1.0,1.0,1.0,1.0
2413.png,True,0.4798,0,124,256,186,70,256,96,256,0.7341,0.6675,0.9662,0.9144,0.9778,47.14,241.59,508.04,0.9841,0.9687,0.8274,0.7056,0.0,0.0,0.7402,0.5875,0.8528,0.7434,1.0,1.0
2820.png,True,0.4722,0,54,251,96,48,256,64,256,0.5528,0.428,0.8527,0.6546,0.9375,47.36,172.92,1057.98,0.915,0.8434,0.5677,0.3964,0.6779,0.5128,0.5368,0.3669,0.6193,0.4486,0.0,0.0
1481.png,True,0.5939,0,102,256,177,85,256,96,256,0.957,0.9303,0.9771,0.9785,0.9785,52.66,220.18,494.13,0.988,0.9763,0.7542,0.6054,1.0,1.0,1.0,1.0,1.0,1.0,1.0,1.0
425.png,True,0.5292,0,110,256,232,140,256,160,256,0.975,0.9562,0.991,0.9907,0.9907,78.09,548.65,872.84,0.9954,0.9908,0.8548,0.7465,1.0,1.0,1.0,1.0,1.0,1.0,1.0,1.0
305.png,True,0.5261,0,16,256,126,126,256,128,256,0.684,0.6073,0.9616,0.918,0.9718,73.32,418.63,749.12,0.9853,0.971,0.5608,0.3897,0.7225,0.5656,0.8357,0.7177,0.0,0.0,1.0,1.0
1119.png,True,0.7038,0,104,256,180,86,256,96,256,0.8627,0.7698,0.9333,0.9126,0.9834,74.34,336.24,661.08,0.9649,0.9322,0.7519,0.6024,0.8101,0.6809,0.8172,0.6909,1.0,1.0,0.8322,0.7126
235.png,True,0.7661,0,99,256,169,80,256,96,256,0.9342,0.8816,0.9464,0.9721,0.987,69.6,332.15,649.46,0.9652,0.9328,0.8711,0.7717,1.0,1.0,0.8818,0.7885,0.8868,0.7967,1.0,1.0
2003.png,True,0.43,0,126,255,173,53,256,64,256,0.7095,0.6394,0.9562,0.929,0.9651,76.37,245.55,659.65,0.976,0.9531,0.5899,0.4183,1.0,1.0,0.0,0.0,0.8332,0.7142,0.8577,0.7509
1141.png,True,0.4901,0,118,255,206,100,256,128,256,0.7507,0.6905,0.9709,0.8058,0.991,70.1,444.07,755.89,0.9846,0.9697,0.8371,0.7199,0.8667,0.7647,0.8158,0.6889,0.0,0.0,1.0,1.0
2932.png,True,0.7978,0,69,256,175,120,256,128,256,0.6887,0.5935,0.9282,0.9466,0.9852,45.64,284.38,780.71,0.9542,0.9124,0.7719,0.6286,0.0,0.0,0.7518,0.6023,0.8833,0.791,0.7708,0.627
2717.png,True,0.533,0,74,256,130,64,256,64,256,0.9458,0.9059,0.977,0.9712,0.9837,46.16,161.29,475.61,0.9876,0.9755,0.8249,0.702,1.0,1.0,1.0,1.0,0.8624,0.758,1.0,1.0
2369.png,True,0.5846,0,70,254,135,75,256,96,256,0.6334,0.5778,0.8969,0.966,0.9785,47.34,238.06,588.33,0.9413,0.8891,0.827,0.705,0.0,0.0,0.8844,0.7928,1.0,1.0,0.1477,0.0798
1178.png,True,0.5532,0,93,254,136,49,256,64,256,0.8002,0.7718,0.9511,0.8222,0.982,46.08,164.78,448.2,0.9692,0.9401,0.9278,0.8653,1.0,1.0,0.9042,0.8252,0.0,0.0,1.0,1.0
1386.png,True,0.4564,0,38,256,128,102,256,128,256,0.6795,0.6206,0.9682,0.8947,0.9674,46.07,287.94,568.26,0.9842,0.969,0.597,0.4255,0.0,0.0,1.0,1.0,0.4955,0.3293,1.0,1.0
349.png,True,0.6021,0,68,256,131,71,256,96,256,0.8648,0.7825,0.9007,0.9353,0.9589,46.73,244.88,673.54,0.935,0.8779,0.6767,0.5114,0.7454,0.5942,1.0,1.0,0.8316,0.7117,1.0,1.0
2472.png,True,0.5778,0,64,255,218,176,256,192,256,0.7048,0.6313,0.9889,0.9732,0.9918,52.98,416.18,663.04,0.9943,0.9887,0.6599,0.4924,1.0,1.0,0.0,0.0,0.7267,0.5707,0.8478,0.7358
460.png,True,0.5841,0,36,254,126,102,256,128,256,0.8499,0.7744,0.9841,0.9861,0.99,45.2,285.63,675.85,0.9917,0.9836,0.8625,0.7582,1.0,1.0,0.6043,0.433,0.641,0.4717,1.0,1.0
1903.png,True,0.6182,0,40,256,119,91,256,96,256,0.5669,0.4991,0.9369,0.953,0.986,45.53,228.91,462.65,0.9618,0.9265,0.7302,0.575,0.8518,0.7418,0.8579,0.7511,0.0,0.0,0.0,0.0
9.png,True,0.6304,0,0,254,129,138,256,160,256,0.9302,0.8854,0.9835,0.96,0.9793,56.19,345.44,578.65,0.9914,0.983,0.7296,0.5743,0.8604,0.755,1.0,1.0,1.0,1.0,1.0,1.0
1047.png,True,0.4233,0,102,256,166,72,256,96,256,0.9082,0.8469,0.9756,0.9426,0.9817,50.65,221.86,479.83,0.9868,0.9739,0.7656,0.6202,1.0,1.0,0.7765,0.6347,0.9203,0.8524,1.0,1.0
832.png,True,0.4124,0,72,255,255,197,256,224,256,0.9163,0.8652,0.9812,0.9672,0.9905,47.8,467.51,961.38,0.9904,0.981,0.733,0.5785,0.7744,0.6319,1.0,1.0,1.0,1.0,1.0,1.0
2866.png,True,0.5058,0,41,253,154,129,256,160,256,0.8827,0.8132,0.9804,0.9611,0.985,44.25,348.09,760.42,0.9899,0.98,0.6534,0.4852,0.8724,0.7736,0.7806,0.6402,1.0,1.0,1.0,1.0
63.png,True,0.7632,0,83,254,187,118,256,128,256,0.905,0.846,0.9704,0.9853,0.9899,45.66,286.76,827.57,0.9832,0.967,0.6676,0.5011,1.0,1.0,0.8465,0.7339,0.9327,0.8738,1.0,1.0
995.png,True,0.5337,0,58,255,141,95,256,96,256,0.6776,0.6127,0.9666,0.9486,0.9865,46.19,223.48,500.05,0.9837,0.9678,0.7051,0.5445,0.9372,0.8818,0.4397,0.2818,0.0,0.0,1.0,1.0
1951.png,True,0.7467,0,114,253,187,83,256,96,256,0.8224,0.7055,0.9134,0.9199,0.9783,45.54,226.43,737.52,0.9472,0.8996,0.7415,0.5891,0.8647,0.7616,0.8532,0.7439,0.7306,0.5755,0.7975,0.6633
604.png,True,0.6631,0,130,253,198,78,256,96,256,0.9175,0.8604,0.9671,0.9346,0.9882,71.15,350.45,737.76,0.9795,0.9599,0.8,0.6667,1.0,1.0,0.9452,0.8961,0.7801,0.6395,1.0,1.0
2712.png,True,0.4449,0,65,256,124,67,256,96,256,0.6787,0.6368,0.9796,0.8386,0.9746,69.93,320.92,717.31,0.9912,0.9826,0.8112,0.6824,0.0,0.0,1.0,1.0,0.2698,0.156,1.0,1.0
2349.png,True,0.7025,0,82,254,194,128,256,128,256,0.7333,0.6679,0.9679,0.7729,0.9927,73.57,446.1,736.61,0.9858,0.972,0.7655,0.6201,0.8987,0.816,0.7496,0.5994,0.0,0.0,1.0,1.0
1754.png,True,0.5042,0,98,255,186,100,256,128,256,0.8585,0.7808,0.9661,0.9248,0.9844,73.21,433.82,750.9,0.9845,0.9694,0.8322,0.7126,0.7,0.5385,1.0,1.0,0.6341,0.4643,1.0,1.0
2632.png,True,0.5403,0,137,256,213,86,256,96,256,0.5143,0.426,0.9159,0.7606,0.9765,72.71,336.74,639.39,0.9648,0.9319,0.7578,0.6101,0.6866,0.5228,0.0335,0.017,0.6433,0.4742,0.0,0.0
704.png,True,0.6403,0,95,254,161,76,256,96,256,0.6814,0.5838,0.9126,0.7277,0.979,75.14,345.65,772.23,0.9535,0.9111,0.8559,0.7482,0.7589,0.6115,0.706,0.5456,0.8139,0.6862,0.0,0.0
2773.png,True,0.6804,0,60,254,150,102,256,128,256,0.9322,0.8805,0.9651,0.945,0.987,54.28,293.8,646.82,0.9795,0.9599,0.8153,0.6881,1.0,1.0,0.9194,0.8508,0.879,0.7841,1.0,1.0
1496.png,True,0.6087,3,89,256,156,77,256,96,256,0.9145,0.8625,0.9759,0.9427,0.9785,45.53,223.19,553.53,0.9873,0.9749,0.7528,0.6036,1.0,1.0,1.0,1.0,0.747,0.5962,1.0,1.0
1904.png,True,0.5011,0,41,256,118,87,256,96,256,0.5398,0.4623,0.9096,0.9548,0.9782,51.26,223.13,495.9,0.9443,0.8945,0.6459,0.477,0.8108,0.6818,0.8376,0.7205,0.0,0.0,0.0,0.0
259.png,True,0.6215,0,11,256,255,256,256,256,256,0.8841,0.862,0.988,0.998,0.998,52.35,553.75,1257.12,0.9939,0.9879,0.3109,0.1841,1.0,1.0,1.0,1.0,1.0,1.0,1.0,1.0
1473.png,True,0.6146,0,101,255,191,102,256,128,256,0.9478,0.9089,0.982,0.9801,0.9898,45.78,309.16,580.21,0.9905,0.9811,0.8558,0.7479,1.0,1.0,0.8404,0.7247,1.0,1.0,1.0,1.0
2208.png,True,0.5052,0,1,255,210,225,256,256,256,0.8351,0.7796,0.9757,0.9562,0.9778,44.99,582.67,922.86,0.9876,0.9756,0.6232,0.4527,0.3996,0.2497,1.0,1.0,1.0,1.0,1.0,1.0
2053.png,True,0.6184,0,45,256,149,118,256,128,256,0.6121,0.5824,0.9699,0.9792,0.9863,45.9,288.1,955.99,0.9848,0.9701,0.0,0.0,0.6879,0.5243,1.0,1.0,0.0,0.0,1.0,1.0
1161.png,True,0.5044,0,111,255,216,119,256,128,256,0.9277,0.881,0.9849,0.977,0.9821,45.4,290.14,782.63,0.9922,0.9845,0.7487,0.5983,1.0,1.0,0.8255,0.7029,1.0,1.0,1.0,1.0
2639.png,True,0.4588,3,114,256,218,118,256,128,256,0.613,0.5301,0.9414,0.8035,0.982,54.27,304.43,555.6,0.9687,0.9392,0.687,0.5233,0.6711,0.505,1.0,1.0,0.3513,0.2131,0.0,0.0
2505.png,True,0.3629,0,110,254,154,50,256,64,256,0.8997,0.832,0.9466,0.94,0.9767,45.35,159.39,603.93,0.9684,0.9387,0.7707,0.627,0.8882,0.7989,1.0,1.0,0.7711,0.6274,1.0,1.0
483.png,True,0.6754,0,97,255,198,115,256,128,256,0.7634,0.7174,0.9725,0.9584,0.9894,49.31,292.19,943.6,0.9851,0.9707,0.7415,0.5892,1.0,1.0,0.0,0.0,0.8535,0.7445,1.0,1.0
816.png,True,0.5365,0,102,255,171,79,256,96,256,0.6349,0.6121,0.973,0.8156,0.9687,61.88,224.06,492.45,0.987,0.9743,0.8225,0.6985,0.0,0.0,1.0,1.0,0.0,0.0,1.0,1.0
2946.png,True,0.5242,0,77,255,194,133,256,160,256,0.733,0.6392,0.9642,0.7655,0.9775,45.76,368.9,878.5,0.9845,0.9694,0.8354,0.7174,0.3226,0.1923,0.7897,0.6525,1.0,1.0,0.466,0.3038
1874.png,True,0.3178,0,126,253,189,71,256,96,256,0.6013,0.5323,0.8873,0.6091,0.9345,45.43,306.41,563.87,0.9421,0.8905,0.0,0.0,0.7571,0.6092,0.7613,0.6146,0.1475,0.0796,1.0,1.0
331.png,True,0.6876,0,46,256,159,129,256,160,256,0.7232,0.6596,0.9707,0.967,0.9908,92.48,509.93,974.7,0.9835,0.9676,0.8325,0.7131,0.0,0.0,0.9098,0.8345,0.6134,0.4424,1.0,1.0
510.png,True,0.7745,0,48,255,129,93,256,96,256,0.7485,0.6897,0.9487,0.7871,0.9774,88.94,348.07,902.99,0.9707,0.9432,0.7365,0.5829,0.0,0.0,0.8614,0.7565,0.9222,0.8556,1.0,1.0
753.png,True,0.6562,0,97,255,167,80,256,96,256,0.8537,0.7742,0.9191,0.9664,0.9827,69.23,325.22,723.94,0.9495,0.9038,0.9446,0.8951,0.6339,0.464,0.6419,0.4726,0.9526,0.9094,1.0,1.0
2839.png,True,0.602,0,89,253,151,70,256,96,256,0.7499,0.6925,0.9642,0.775,0.9844,72.34,337.51,907.64,0.9807,0.9621,0.0,0.0,0.9373,0.882,0.8288,0.7077,0.7524,0.603,1.0,1.0
163.png,True,0.5729,1,72,256,172,114,256,128,256,0.8529,0.7881,0.9356,0.9729,0.9874,80.23,313.52,761.06,0.9638,0.9301,1.0,1.0,0.4347,0.2777,1.0,1.0,0.7894,0.6521,0.9296,0.8685
1509.png,True,0.6464,0,108,256,188,92,256,96,256,0.6968,0.5775,0.9255,0.8764,0.9789,45.35,234.66,460.37,0.9599,0.9229,0.5827,0.4111,0.2735,0.1584,0.8258,0.7032,0.676,0.5105,0.8628,0.7587
1940.png,True,0.4844,0,93,256,152,67,256,96,256,0.8891,0.818,0.964,0.9393,0.9799,48.0,229.66,476.57,0.9803,0.9614,0.7107,0.5512,1.0,1.0,0.829,0.708,0.8148,0.6875,1.0,1.0
1128.png,True,0.5728,0,104,256,170,76,256,96,256,0.8223,0.719,0.9334,0.8595,0.9775,54.49,234.3,730.3,0.96,0.9231,0.7818,0.6417,1.0,1.0,0.8487,0.7372,0.6897,0.5263,0.6536,0.4855
2500.png,True,0.6935,0,81,254,181,114,256,128,256,0.8934,0.8205,0.9668,0.9363,0.9855,45.08,286.45,610.59,0.9805,0.9618,0.7385,0.5854,0.8208,0.6961,0.8566,0.7492,0.964,0.9305,1.0,1.0
105.png,True,0.5007,0,60,256,161,115,256,128,256,0.7683,0.7393,0.9942,0.992,0.992,50.06,289.98,532.96,0.9971,0.9942,0.6128,0.4417,0.0,0.0,1.0,1.0,1.0,1.0,1.0,1.0
1384.png,True,0.4898,0,38,255,153,131,256,160,256,0.4519,0.396,0.887,0.88,0.962,46.72,368.72,898.78,0.9396,0.886,0.5309,0.3614,0.1571,0.0853,0.0,0.0,0.0836,0.0436,1.0,1.0
653.png,True,0.5723,0,75,254,193,134,256,160,256,0.7905,0.7059,0.9607,0.8853,0.9831,46.17,365.72,894.08,0.9826,0.9658,0.6865,0.5227,0.6357,0.466,1.0,1.0,0.4384,0.2808,1.0,1.0
572.png,True,0.5162,0,118,255,202,96,256,96,256,0.8725,0.7985,0.9805,0.9832,0.9951,45.83,225.05,539.32,0.9899,0.98,0.738,0.5848,0.8458,0.7328,1.0,1.0,0.6611,0.4938,1.0,1.0
2585.png,True,0.6693,0,42,256,152,126,256,128,256,0.6138,0.5702,0.9672,0.8185,0.9887,45.71,310.44,545.3,0.9815,0.9637,0.0,0.0,0.0,0.0,0.9009,0.8196,0.9103,0.8354,0.8904,0.8025
256.png,True,0.6514,0,17,256,255,256,256,256,256,0.9467,0.9187,0.9923,0.9872,0.9872,44.41,573.78,1036.66,0.9961,0.9922,0.6842,0.52,1.0,1.0,1.0,1.0,1.0,1.0,1.0,1.0
3013.png,True,0.4454,0,98,254,163,75,256,96,256,0.6759,0.6285,0.9179,0.9284,0.9577,45.7,220.24,514.99,0.9596,0.9224,0.2845,0.1658,0.0,0.0,1.0,1.0,0.8113,0.6826,1.0,1.0
827.png,True,0.5423,0,67,255,255,202,256,224,256,0.7246,0.6679,0.9763,0.7902,0.9866,45.83,491.38,821.64,0.9894,0.979,0.694,0.5314,0.6639,0.4969,1.0,1.0,0.0,0.0,1.0,1.0
154.png,True,0.4073,3,93,256,172,91,256,96,256,0.5072,0.4776,0.9379,0.6583,0.9753,47.16,223.69,559.22,0.9655,0.9333,1.0,1.0,0.918,0.8484,0.1174,0.0623,0.0425,0.0217,0.0,0.0
1936.png,True,0.3901,4,103,256,154,59,256,64,256,0.7752,0.701,0.9347,0.9135,0.9576,47.04,157.18,444.71,0.9652,0.9328,0.2326,0.1316,1.0,1.0,0.7273,0.5714,0.7264,0.5703,1.0,1.0
241.png,True,0.5558,0,23,256,256,249,256,256,256,0.4395,0.4098,0.9808,0.9918,0.9918,47.35,680.15,917.77,0.9903,0.9808,0.6467,0.4778,0.0,0.0,1.0,1.0,0.0,0.0,0.0,0.0
2896.png,True,0.5306,0,91,255,176,97,256,128,256,0.6649,0.5866,0.9677,0.8657,0.9791,70.2,426.43,722.44,0.9851,0.9706,0.7702,0.6263,0.0,0.0,0.4771,0.3133,0.7571,0.6092,1.0,1.0
285.png,True,0.4733,1,80,256,132,60,256,64,256,0.9387,0.8981,0.9667,0.9763,0.9854,71.96,232.04,569.98,0.982,0.9647,0.737,0.5836,1.0,1.0,0.9133,0.8404,1.0,1.0,1.0,1.0
1216.png,True,0.3316,0,75,253,139,72,256,96,256,0.6044,0.5337,0.9232,0.8584,0.9633,72.99,347.54,629.1,0.9636,0.9297,0.2984,0.1754,0.8677,0.7663,0.0,0.0,0.497,0.3307,1.0,1.0
512.png,True,0.4952,0,50,255,119,79,256,96,256,0.7417,0.6796,0.9639,0.7978,0.9842,68.75,318.25,611.5,0.9809,0.9625,0.7261,0.57,0.0,0.0,0.8633,0.7595,0.8798,0.7855,1.0,1.0
87.png,True,0.6583,0,83,256,168,97,256,128,256,0.8733,0.7892,0.9517,0.9351,0.9831,87.65,434.89,864.62,0.9689,0.9397,0.8258,0.7033,0.9225,0.8562,0.7035,0.5426,0.819,0.6935,1.0,1.0
2487.png,True,0.8018,0,73,256,195,140,256,160,256,0.8381,0.7562,0.9533,0.9672,0.9892,80.51,538.46,851.53,0.9725,0.9466,0.836,0.7182,0.4802,0.3159,0.7931,0.6572,0.9469,0.8991,1.0,1.0
1327.png,True,0.4917,0,103,256,198,109,256,128,256,0.6992,0.6453,0.9673,0.8807,0.9798,44.62,287.12,593.2,0.9852,0.9708,0.7549,0.6063,0.0,0.0,1.0,1.0,0.455,0.2945,1.0,1.0
1536.png,True,0.6805,0,58,256,134,86,256,96,256,0.7699,0.7257,0.97,0.7894,0.9785,45.34,224.36,536.91,0.9863,0.9729,0.7877,0.6498,0.8451,0.7318,0.0,0.0,1.0,1.0,1.0,1.0
665.png,True,0.5822,0,77,253,188,127,256,128,256,0.9207,0.8734,0.9784,0.9448,0.9704,46.48,281.12,546.55,0.9887,0.9776,0.6795,0.5146,0.8561,0.7484,1.0,1.0,1.0,1.0,1.0,1.0
1409.png,True,0.5207,0,24,255,138,130,256,160,256,0.7831,0.6727,0.9569,0.8785,0.9816,45.27,347.89,723.72,0.9809,0.9624,0.6466,0.4777,0.7458,0.5947,1.0,1.0,0.5827,0.4111,0.7425,0.5904
1571.png,True,0.604,0,68,256,152,96,256,96,256,0.77,0.6787,0.9492,0.7712,0.9687,45.41,228.74,1120.17,0.9769,0.9549,0.7609,0.614,0.2766,0.1605,0.8328,0.7135,0.7727,0.6296,1.0,1.0
619.png,True,0.5025,0,121,254,197,86,256,96,256,0.9228,0.8737,0.9805,0.9882,0.9922,47.89,217.61,753.45,0.9898,0.9798,0.7948,0.6594,1.0,1.0,0.7524,0.6031,1.0,1.0,1.0,1.0
1652.png,True,0.488,0,91,254,161,80,256,96,256,0.8748,0.8172,0.9801,0.9397,0.9698,44.96,235.02,753.43,0.9898,0.9799,0.5744,0.4029,1.0,1.0,1.0,1.0,0.6844,0.5202,1.0,1.0
508.png,True,0.4267,0,53,255,113,68,256,96,256,0.7403,0.6591,0.9578,0.7747,0.9758,46.59,221.17,616.0,0.9778,0.9565,0.6844,0.5202,0.125,0.0667,0.8429,0.7284,0.8115,0.6828,1.0,1.0
1550.png,True,0.411,0,102,254,154,60,256,64,256,0.6413,0.557,0.9277,0.7791,0.9682,61.36,156.93,457.81,0.9686,0.9392,0.6598,0.4923,0.4614,0.2999,0.7581,0.6105,0.0,0.0,1.0,1.0
102.png,True,0.6822,0,84,256,171,99,256,128,256,0.8152,0.7182,0.954,0.8932,0.9858,48.08,293.39,659.2,0.9722,0.9459,0.7204,0.563,0.9319,0.8725,0.6524,0.4842,0.6144,0.4434,1.0,1.0
2498.png,True,0.6166,0,91,254,187,110,256,128,256,0.8448,0.7536,0.9515,0.9435,0.9862,46.35,293.59,596.22,0.9733,0.9481,0.7534,0.6043,0.607,0.4358,0.8476,0.7355,0.8875,0.7977,1.0,1.0
2273.png,True,0.7019,0,3,256,145,155,256,160,256,0.8781,0.8089,0.9841,0.924,0.9858,44.97,394.97,663.89,0.9932,0.9865,0.6071,0.4358,0.8324,0.7129,0.8359,0.7181,1.0,1.0,1.0,1.0
2760.png,True,0.6818,0,86,255,164,88,256,96,256,0.9398,0.894,0.9662,0.9621,0.9876,45.07,219.49,732.26,0.9779,0.9568,0.8336,0.7147,1.0,1.0,0.8539,0.745,0.9731,0.9476,1.0,1.0
1417.png,True,0.5408,0,1,256,130,139,256,160,256,0.8664,0.7917,0.9809,0.9347,0.9802,46.87,351.46,725.72,0.9901,0.9803,0.6093,0.4382,0.8006,0.6675,1.0,1.0,0.7984,0.6644,1.0,1.0
30.png,True,0.7164,0,61,256,157,110,256,128,256,0.6085,0.5651,0.9403,0.6502,0.9867,45.87,324.91,582.94,0.9633,0.9292,1.0,1.0,0.0,0.0,0.8208,0.6961,0.0,0.0,0.867,0.7653
2892.png,True,0.5065,0,90,255,183,107,256,128,256,0.83,0.7466,0.9771,0.8711,0.9727,47.73,284.21,4973.97,0.9886,0.9774,0.7574,0.6096,1.0,1.0,0.6328,0.4629,0.6009,0.4295,1.0,1.0
1324.png,True,0.4682,1,70,256,142,82,256,96,256,0.9418,0.9007,0.9846,0.9835,0.9896,46.61,219.55,538.01,0.9919,0.9839,0.7942,0.6587,0.8646,0.7615,1.0,1.0,1.0,1.0,1.0,1.0
1478.png,True,0.7279,0,113,255,199,98,256,128,256,0.8165,0.7726,0.9784,0.8906,0.993,48.58,308.87,730.3,0.9875,0.9753,0.8037,0.6718,1.0,1.0,0.9487,0.9024,0.1591,0.0864,1.0,1.0
1495.png,True,0.652,0,84,256,153,79,256,96,256,0.92,0.8705,0.9781,0.9564,0.9854,45.13,220.2,525.97,0.9886,0.9774,0.7193,0.5617,1.0,1.0,1.0,1.0,0.8121,0.6837,1.0,1.0
1608.png,True,0.6609,0,35,255,194,181,256,192,256,0.9218,0.8761,0.986,0.9769,0.9879,46.59,426.58,692.68,0.9928,0.9857,0.6685,0.5021,0.8694,0.7689,1.0,1.0,1.0,1.0,1.0,1.0
525.png,True,0.5357,0,105,256,195,102,256,128,256,0.6981,0.6073,0.9354,0.7243,0.9859,45.91,296.21,715.8,0.975,0.9512,0.678,0.5128,0.8311,0.711,0.1393,0.0749,0.5655,0.3942,1.0,1.0
1062.png,True,0.8216,0,98,255,209,127,256,128,256,0.9299,0.8776,0.9657,0.983,0.9919,45.46,282.15,547.68,0.9765,0.9541,0.821,0.6963,1.0,1.0,0.8382,0.7215,0.9437,0.8934,1.0,1.0
3025.png,True,0.5487,0,21,255,137,132,256,160,256,0.9264,0.8787,0.9817,0.9639,0.9774,46.43,368.78,732.74,0.9906,0.9813,0.7585,0.611,1.0,1.0,0.8096,0.6801,1.0,1.0,1.0,1.0
1071.png,True,0.5633,0,49,256,240,217,256,224,256,0.8733,0.7981,0.9869,0.9051,0.9755,44.49,472.09,752.55,0.9935,0.9871,0.7486,0.5982,0.6931,0.5303,0.8044,0.6728,1.0,1.0,1.0,1.0
2245.png,True,0.474,0,86,255,160,84,256,96,256,0.6198,0.5831,0.9498,0.9843,0.9883,48.47,221.43,466.49,0.9703,0.9423,0.0,0.0,0.8417,0.7266,1.0,1.0,0.0,0.0,0.9071,0.8299
569.png,True,0.4927,0,102,255,199,111,256,128,256,0.8019,0.7798,0.9872,0.9798,0.9798,46.04,302.08,664.35,0.9935,0.987,0.818,0.692,0.0,0.0,1.0,1.0,1.0,1.0,1.0,1.0
2322.png,True,0.619,0,123,255,199,86,256,96,256,0.69,0.6083,0.9449,0.7523,0.9727,46.0,223.76,491.58,0.9803,0.9613,0.7484,0.598,0.0,0.0,0.7049,0.5443,0.7065,0.5462,1.0,1.0
16.png,True,0.5346,0,16,253,145,147,256,160,256,0.7522,0.7034,0.9868,0.9728,0.9815,47.66,359.98,645.56,0.9932,0.9865,0.6974,0.5354,1.0,1.0,0.0,0.0,0.8225,0.6985,1.0,1.0
2591.png,True,0.54,0,22,253,149,145,256,160,256,0.7823,0.741,0.9764,0.9675,0.9928,44.88,365.72,629.1,0.9862,0.9729,0.0,0.0,1.0,1.0,0.8945,0.8092,0.9496,0.904,0.8635,0.7598
2526.png,True,0.4708,0,118,256,169,59,256,64,256,0.6701,0.5968,0.9231,0.6597,0.9726,70.29,233.15,630.27,0.9486,0.9022,0.7123,0.5532,1.0,1.0,0.9103,0.8353,0.4496,0.29,0.0,0.0
1326.png,True,0.5271,0,123,255,198,85,256,96,256,0.7894,0.7629,0.985,0.8109,0.9743,70.73,322.6,618.54,0.9923,0.9846,0.7441,0.5925,1.0,1.0,1.0,1.0,0.0,0.0,1.0,1.0
2340.png,True,0.6436,0,98,254,190,104,256,128,256,0.9421,0.903,0.9809,0.9815,0.9892,71.77,432.03,717.52,0.9897,0.9796,0.753,0.6039,0.9099,0.8347,1.0,1.0,1.0,1.0,1.0,1.0
243.png,True,0.5425,0,24,256,256,248,256,256,256,0.6219,0.5363,0.9704,0.9655,0.9896,85.15,813.15,1239.13,0.9851,0.9706,0.6723,0.5063,0.4649,0.3029,1.0,1.0,0.0,0.0,0.6091,0.4379
910.png,True,0.5021,0,70,254,130,68,256,96,256,0.9479,0.909,0.9609,0.9842,0.9917,96.03,345.8,679.71,0.9764,0.9539,0.8107,0.6816,0.9002,0.8186,1.0,1.0,1.0,1.0,1.0,1.0
867.png,True,0.5103,0,91,256,144,61,256,64,256,0.8502,0.7803,0.9721,0.938,0.9763,80.01,219.73,579.22,0.9851,0.9706,0.8587,0.7523,1.0,1.0,1.0,1.0,0.7922,0.6559,0.4653,0.3032
1336.png,True,0.444,0,89,256,190,115,256,128,256,0.9682,0.9462,0.9915,0.9773,0.9773,50.41,291.99,551.87,0.9957,0.9913,0.8137,0.6859,1.0,1.0,1.0,1.0,1.0,1.0,1.0,1.0
1945.png,True,0.374,0,125,253,182,65,256,96,256,0.6321,0.5429,0.8312,0.7465,0.9622,45.46,247.09,745.28,0.9346,0.8772,0.6344,0.4646,0.763,0.6169,0.4588,0.2977,0.0017,0.0009,1.0,1.0
1236.png,True,0.4547,0,48,255,140,104,256,128,256,0.8791,0.8241,0.9852,0.9491,0.9723,47.19,285.02,673.47,0.9925,0.9851,0.5407,0.3705,1.0,1.0,1.0,1.0,0.7413,0.5889,1.0,1.0
1040.png,True,0.5132,0,103,256,170,77,256,96,256,0.8576,0.7855,0.9713,0.973,0.9864,48.08,232.09,710.52,0.985,0.9704,0.73,0.5748,1.0,1.0,0.5466,0.3761,0.8837,0.7917,1.0,1.0
711.png,True,0.6501,0,100,254,164,72,256,96,256,0.9096,0.8465,0.9597,0.9607,0.9865,45.67,221.25,443.46,0.978,0.9569,0.8237,0.7003,0.8873,0.7975,0.7687,0.6243,1.0,1.0,1.0,1.0
238.png,True,0.7633,0,94,256,167,83,256,96,256,0.9377,0.8882,0.9502,0.9784,0.988,49.41,235.07,515.96,0.9665,0.9353,0.838,0.7211,1.0,1.0,0.8994,0.8172,0.9221,0.8555,1.0,1.0
3018.png,True,0.5258,0,14,255,141,145,256,160,256,0.4487,0.4205,0.9814,0.6531,0.9814,46.4,364.53,714.36,0.9915,0.9832,0.701,0.5396,0.0,0.0,1.0,1.0,0.0,0.0,0.0,0.0
2573.png,True,0.593,0,48,255,156,124,256,128,256,0.9608,0.93,0.9878,0.9688,0.9825,44.35,282.14,587.46,0.9936,0.9873,0.8522,0.7424,1.0,1.0,1.0,1.0,0.9192,0.8506,1.0,1.0
1426.png,True,0.6526,0,109,254,190,93,256,96,256,0.8858,0.8163,0.9618,0.9817,0.9918,62.84,228.36,527.53,0.9782,0.9573,0.6732,0.5074,1.0,1.0,0.8907,0.803,0.773,0.6299,1.0,1.0
420.png,True,0.4968,5,144,256,227,95,256,96,256,0.897,0.8281,0.9752,0.9492,0.9858,45.17,221.2,723.63,0.9873,0.9749,0.7804,0.6399,0.7975,0.6632,0.8171,0.6907,1.0,1.0,1.0,1.0
1979.png,True,0.7709,0,48,255,142,108,256,128,256,0.7097,0.6371,0.9489,0.9549,0.9874,45.67,281.28,889.67,0.9708,0.9433,0.7909,0.6542,0.0,0.0,0.6285,0.4582,0.8682,0.7671,1.0,1.0
151.png,True,0.3698,3,100,256,174,84,256,96,256,0.5704,0.5189,0.9216,0.9553,0.9752,45.89,225.26,544.47,0.9508,0.9062,0.0,0.0,0.8823,0.7893,0.0,0.0,0.5896,0.4181,1.0,1.0
78.png,True,0.4121,0,48,255,103,63,256,64,256,0.764,0.7208,0.9763,0.806,0.9846,45.18,159.34,515.24,0.9875,0.9752,0.7029,0.5419,1.0,1.0,0.0,0.0,0.8938,0.808,1.0,1.0
216.png,True,0.7097,0,93,256,168,85,256,96,256,0.9075,0.8505,0.9417,0.9763,0.9864,46.42,217.43,543.45,0.9602,0.9234,0.6482,0.4795,1.0,1.0,0.896,0.8116,0.9409,0.8884,1.0,1.0
846.png,True,0.5162,1,100,255,156,64,256,64,256,0.8713,0.783,0.9471,0.9075,0.975,45.4,160.77,557.58,0.9683,0.9386,0.8145,0.687,0.8264,0.7041,1.0,1.0,0.8715,0.7722,0.7469,0.5961
1958.png,True,0.4305,0,142,255,195,61,256,64,256,0.6932,0.6102,0.8997,0.9441,0.9741,45.15,169.86,609.87,0.9352,0.8782,0.6562,0.4884,0.8339,0.7151,0.7338,0.5796,0.0,0.0,1.0,1.0
1305.png,True,0.5193,1,73,256,145,82,256,96,256,0.9521,0.9183,0.9859,0.9766,0.9863,76.86,357.06,712.16,0.9924,0.9849,0.7848,0.6458,0.9357,0.8792,1.0,1.0,1.0,1.0,1.0,1.0
1832.png,True,0.8925,0,75,256,198,141,256,160,256,0.9243,0.8696,0.9658,0.9585,0.9901,70.74,503.47,844.13,0.9778,0.9565,0.7754,0.6332,1.0,1.0,0.86,0.7544,0.9327,0.8739,1.0,1.0
1015.png,True,0.5066,0,95,256,198,117,256,128,256,0.6086,0.5785,0.9724,0.9486,0.9486,68.51,426.59,1121.23,0.9859,0.9722,0.0,0.0,0.0,0.0,1.0,1.0,0.6655,0.4987,1.0,1.0
1721.png,True,0.543,0,105,256,196,103,256,128,256,0.8583,0.7761,0.9537,0.9097,0.9763,72.41,419.86,982.91,0.9747,0.9507,0.7246,0.5681,1.0,1.0,0.7257,0.5695,0.7246,0.5682,1.0,1.0
1484.png,True,0.6421,0,100,255,183,95,256,96,256,0.9122,0.86,0.9745,0.9318,0.9788,77.06,253.32,798.05,0.9867,0.9737,0.7033,0.5424,1.0,1.0,1.0,1.0,0.7833,0.6438,1.0,1.0
2736.png,True,0.626,0,85,256,154,79,256,96,256,0.5123,0.4263,0.9402,0.7097,0.9582,52.55,226.62,500.98,0.9703,0.9422,0.6913,0.5282,0.0,0.0,0.6201,0.4494,0.7708,0.6271,0.0212,0.0107
162.png,True,0.5541,2,76,256,173,111,256,128,256,0.7388,0.6783,0.948,0.9779,0.9883,48.26,283.13,566.09,0.971,0.9437,0.0,0.0,0.6883,0.5248,1.0,1.0,0.831,0.7108,0.9423,0.8909
86.png,True,0.6794,0,85,256,172,99,256,128,256,0.8598,0.7689,0.9442,0.9116,0.9838,44.31,283.46,652.14,0.9644,0.9312,0.806,0.675,0.9057,0.8277,0.7169,0.5587,0.7659,0.6206,1.0,1.0
2952.png,True,0.5507,0,83,255,189,120,256,128,256,0.5021,0.4042,0.9644,0.5586,0.9538,45.04,279.23,547.79,0.9822,0.965,0.7399,0.5872,0.2397,0.1362,0.6641,0.4971,0.3869,0.2398,0.0,0.0
2560.png,True,0.3077,0,60,255,118,66,256,96,256,0.6483,0.5637,0.9373,0.7909,0.9791,45.66,219.38,578.26,0.9641,0.9308,0.6641,0.4971,0.7752,0.6329,1.0,1.0,0.0,0.0,0.4865,0.3214
1033.png,True,0.5594,0,48,256,228,206,256,224,256,0.5817,0.5303,0.9843,0.9779,0.9848,44.61,479.18,866.55,0.992,0.9841,1.0,1.0,0.7362,0.5825,0.0,0.0,0.0,0.0,0.7619,0.6154
1954.png,True,0.5626,0,112,253,181,79,256,96,256,0.759,0.6223,0.8804,0.8953,0.9714,46.7,231.6,720.68,0.9327,0.8739,0.7021,0.541,0.6405,0.4711,0.8392,0.7229,0.7328,0.5783,0.7067,0.5464
1091.png,True,0.583,1,70,256,141,81,256,96,256,0.8474,0.8072,0.9814,0.8494,0.9754,45.1,224.51,702.02,0.9905,0.9812,0.8305,0.7101,1.0,1.0,1.0,1.0,0.2636,0.1518,1.0,1.0
1358.png,True,0.5764,0,72,254,136,72,256,96,256,0.9642,0.94,0.9812,0.9854,0.9854,62.24,220.86,528.34,0.9902,0.9805,0.7948,0.6594,1.0,1.0,1.0,1.0,1.0,1.0,1.0,1.0
703.png,True,0.7095,0,95,254,166,81,256,96,256,0.8897,0.8107,0.947,0.9629,0.9852,46.05,224.09,545.19,0.9706,0.9429,0.8265,0.7043,0.8799,0.7856,0.7628,0.6165,0.8982,0.8152,1.0,1.0
2658.png,True,0.7022,0,100,256,171,81,256,96,256,0.9259,0.8737,0.9674,0.9671,0.989,45.33,221.16,543.74,0.9812,0.9631,0.745,0.5937,1.0,1.0,0.903,0.8231,0.9262,0.8625,1.0,1.0
1877.png,True,0.5529,0,92,254,198,120,256,128,256,0.8512,0.8005,0.9758,0.9355,0.963,45.36,288.92,500.95,0.9879,0.976,0.3686,0.2259,0.7506,0.6008,1.0,1.0,1.0,1.0,1.0,1.0
1603.png,True,0.4191,0,108,243,201,107,256,128,256,0.8989,0.8327,0.9698,0.9491,0.9867,45.76,284.39,542.21,0.984,0.9686,0.7153,0.5568,0.8748,0.7774,0.819,0.6934,1.0,1.0,1.0,1.0
2750.png,True,0.2925,0,121,253,158,43,256,64,256,0.6115,0.5243,0.818,0.7693,0.9172,44.92,154.72,505.51,0.8956,0.811,1.0,1.0,0.5819,0.4103,0.0,0.0,0.3697,0.2268,0.8218,0.6975
817.png,True,0.4899,0,92,255,169,87,256,96,256,0.9574,0.931,0.9804,0.9824,0.9824,45.98,224.92,780.92,0.9898,0.9798,0.7548,0.6061,1.0,1.0,1.0,1.0,1.0,1.0,1.0,1.0
540.png,True,0.4332,0,110,256,156,52,256,64,256,0.9412,0.8988,0.9489,0.9733,0.9848,45.51,169.49,632.29,0.9683,0.9385,0.7832,0.6436,1.0,1.0,0.8955,0.8107,1.0,1.0,1.0,1.0
1444.png,True,0.4129,0,96,253,178,94,256,96,256,0.972,0.9513,0.9852,0.9876,0.9876,73.58,330.42,1694.57,0.9922,0.9846,0.8396,0.7235,1.0,1.0,1.0,1.0,1.0,1.0,1.0,1.0
417.png,True,0.3859,2,132,256,227,109,256,128,256,0.9737,0.954,0.9884,0.991,0.991,72.56,407.94,716.97,0.994,0.988,0.848,0.7361,1.0,1.0,1.0,1.0,1.0,1.0,1.0,1.0
1256.png,True,0.8433,0,92,255,198,120,256,128,256,0.9321,0.8798,0.9541,0.9749,0.9897,75.7,452.57,808.35,0.9678,0.9376,0.8228,0.699,1.0,1.0,0.9304,0.8698,0.8716,0.7724,1.0,1.0
623.png,True,0.5665,0,133,254,199,76,256,96,256,0.9586,0.9274,0.9788,0.9837,0.9902,73.11,341.26,698.24,0.9876,0.9754,0.8201,0.6951,1.0,1.0,0.9439,0.8937,1.0,1.0,1.0,1.0
2410.png,True,0.813,0,104,255,179,85,256,96,256,0.9561,0.9262,0.978,0.9758,0.9921,48.06,221.65,640.14,0.9863,0.9729,0.7744,0.6319,1.0,1.0,1.0,1.0,0.9756,0.9524,1.0,1.0
2089.png,True,0.8334,0,64,255,158,108,256,128,256,0.568,0.5044,0.9332,0.7932,0.9799,45.54,309.36,582.73,0.9596,0.9224,0.7241,0.5676,0.0,0.0,0.0,0.0,0.9498,0.9044,0.7743,0.6317
1563.png,True,0.649,0,63,254,139,86,256,96,256,0.6825,0.603,0.955,0.7482,0.9734,45.25,222.79,486.87,0.9772,0.9554,0.594,0.4225,0.0,0.0,0.8294,0.7086,0.6942,0.5317,1.0,1.0
2787.png,True,0.6667,0,44,255,169,143,256,160,256,0.8299,0.7499,0.9793,0.9253,0.965,48.64,366.49,697.51,0.9893,0.9787,0.8152,0.6881,1.0,1.0,0.6111,0.44,0.564,0.3928,1.0,1.0
875.png,True,0.6249,1,86,256,142,64,256,64,256,0.925,0.8686,0.9688,0.9864,0.993,45.21,159.59,427.87,0.9826,0.9658,0.8263,0.704,1.0,1.0,0.8683,0.7673,0.8729,0.7744,1.0,1.0
2519.png,True,0.3349,0,124,254,165,47,256,64,256,0.9003,0.8361,0.9606,0.9631,0.9875,55.45,182.82,448.44,0.9781,0.9571,0.6834,0.5191,1.0,1.0,0.8626,0.7584,0.8776,0.7819,1.0,1.0
1385.png,True,0.3574,0,40,256,158,134,256,160,256,0.5842,0.5458,0.8892,0.8011,0.9213,46.42,374.56,964.41,0.9415,0.8894,0.5484,0.3778,0.0,0.0,1.0,1.0,0.0153,0.0077,1.0,1.0
2012.png,True,0.5656,0,108,256,185,87,256,96,256,0.6989,0.6331,0.9365,0.9095,0.9831,47.59,229.52,781.29,0.9708,0.9433,0.5,0.3333,0.0,0.0,1.0,1.0,0.8048,0.6734,0.918,0.8485
385.png,True,0.5688,0,88,256,187,113,256,128,256,0.6771,0.6287,0.9793,0.6898,0.9554,47.51,285.78,547.49,0.9914,0.9829,0.7653,0.6199,0.2321,0.1313,1.0,1.0,0.0735,0.0382,1.0,1.0
2225.png,True,0.4446,0,81,255,191,126,256,128,256,0.5728,0.5186,0.9672,0.7992,0.9887,44.88,296.83,600.7,0.9832,0.9669,0.6842,0.52,0.7691,0.6249,1.0,1.0,0.0,0.0,0.0,0.0
2302.png,True,0.4473,0,72,253,186,130,256,160,256,0.5564,0.5007,0.9757,0.742,0.9805,45.51,343.93,700.52,0.9904,0.9811,0.7357,0.5819,0.6125,0.4414,0.0,0.0,0.0,0.0,1.0,1.0
191.png,True,0.4713,0,59,253,111,60,256,64,256,0.7769,0.6623,0.9443,0.9522,0.9882,47.02,158.99,607.34,0.9725,0.9465,0.6772,0.5119,0.6949,0.5324,1.0,1.0,0.6862,0.5223,0.6309,0.4608
2552.png,True,0.3525,48,87,132,118,35,100,64,128,0.6665,0.6156,0.5423,0.8462,0.8486,52.9,117.58,623.24,0.6521,0.4838,0.0,0.0,0.347,0.2099,1.0,1.0,1.0,1.0,1.0,1.0
576.png,True,0.5526,0,119,256,202,95,256,96,256,0.8909,0.8218,0.972,0.9845,0.9945,48.04,228.75,490.84,0.9854,0.9712,0.7324,0.5778,0.8761,0.7796,1.0,1.0,0.7516,0.6021,1.0,1.0
1712.png,True,0.6497,0,97,256,186,101,256,128,256,0.7881,0.7539,0.9788,0.964,0.9852,55.98,308.65,688.56,0.9884,0.977,0.8219,0.6977,1.0,1.0,0.0,0.0,0.9183,0.8489,1.0,1.0
2044.png,True,0.695,0,65,255,192,145,256,160,256,0.7054,0.6606,0.9842,0.9699,0.9862,45.53,339.31,630.24,0.9919,0.984,0.3938,0.2452,0.0,0.0,1.0,1.0,0.8468,0.7343,1.0,1.0
911.png,True,0.4889,0,71,253,130,67,256,96,256,0.8027,0.7434,0.9567,0.8355,0.9878,72.9,339.26,628.75,0.977,0.955,0.7019,0.5407,0.9116,0.8375,0.2256,0.1271,1.0,1.0,1.0,1.0
2478.png,True,0.4968,0,67,255,231,186,256,192,256,0.6858,0.6159,0.9859,0.9657,0.9862,71.29,600.16,934.23,0.9927,0.9856,0.0,0.0,1.0,1.0,0.4783,0.3143,0.8238,0.7004,0.82,0.6949
1558.png,True,0.7011,0,6,254,196,209,256,224,256,0.7829,0.7447,0.9749,0.9813,0.9891,72.71,710.79,1092.39,0.9868,0.9739,0.0,0.0,0.8532,0.744,1.0,1.0,1.0,1.0,0.8574,0.7504
2290.png,True,0.3919,0,96,253,189,107,256,128,256,0.9424,0.9057,0.9833,0.9803,0.9908,70.24,415.2,703.78,0.9911,0.9823,0.7254,0.5691,0.9378,0.8828,1.0,1.0,1.0,1.0,1.0,1.0
550.png,True,0.4898,0,95,254,151,64,256,64,256,0.9707,0.9493,0.9816,0.9955,0.9955,91.6,250.05,552.82,0.9902,0.9807,0.8341,0.7154,1.0,1.0,1.0,1.0,1.0,1.0,1.0,1.0
2005.png,True,0.3159,0,126,254,174,54,256,64,256,0.9361,0.89,0.94,0.948,0.9551,80.92,203.71,790.0,0.9643,0.9311,0.8455,0.7323,1.0,1.0,1.0,1.0,0.8069,0.6763,1.0,1.0
2729.png,True,0.6403,0,73,256,161,100,256,128,256,0.7378,0.6724,0.9664,0.9417,0.984,45.79,313.7,854.26,0.9836,0.9678,0.8291,0.7081,0.8576,0.7506,1.0,1.0,0.7563,0.6081,0.0,0.0
1773.png,True,0.7341,0,134,254,201,77,256,96,256,0.6998,0.6154,0.8771,0.9593,0.9768,45.72,222.28,576.76,0.9215,0.8545,0.0,0.0,0.7411,0.5887,0.8014,0.6686,0.7346,0.5805,1.0,1.0
1873.png,True,0.3508,0,145,253,194,55,256,64,256,0.6053,0.5387,0.8872,0.8047,0.9516,46.12,159.7,442.25,0.9508,0.9062,0.0,0.0,0.766,0.6207,0.7716,0.6282,0.1434,0.0772,1.0,1.0
2779.png,True,0.7124,0,71,253,154,95,256,96,256,0.9452,0.9028,0.9658,0.977,0.9908,46.09,218.4,664.3,0.9799,0.9606,0.8159,0.689,1.0,1.0,0.9148,0.843,0.9606,0.9242,1.0,1.0
1451.png,True,0.5801,0,88,255,192,118,256,128,256,0.9747,0.9556,0.989,0.985,0.985,45.49,299.09,642.4,0.9943,0.9886,0.8539,0.745,1.0,1.0,1.0,1.0,1.0,1.0,1.0,1.0
302.png,True,0.5514,0,27,256,121,108,256,128,256,0.8938,0.8235,0.9509,0.9306,0.9673,45.32,286.28,646.36,0.9743,0.9499,0.7679,0.6233,0.7628,0.6165,0.8579,0.7511,1.0,1.0,1.0,1.0
2794.png,True,0.6916,0,41,255,165,142,256,160,256,0.7411,0.6788,0.9859,0.7683,0.9733,48.91,344.41,787.1,0.9928,0.9856,0.7775,0.636,0.7809,0.6405,1.0,1.0,0.8953,0.8105,0.0,0.0
476.png,True,0.5326,0,25,255,185,182,256,192,256,0.7051,0.6515,0.9778,0.8956,0.945,45.35,440.16,788.77,0.9886,0.9775,0.4788,0.3148,0.7629,0.6167,0.0,0.0,1.0,1.0,1.0,1.0
2352.png,True,0.5627,0,88,254,199,127,256,128,256,0.7471,0.6922,0.973,0.9704,0.9926,45.07,298.0,807.59,0.986,0.9723,0.6817,0.5171,0.9329,0.8742,0.8823,0.7894,0.0,0.0,1.0,1.0
99.png,True,0.5978,0,96,256,169,83,256,96,256,0.8323,0.732,0.9414,0.9088,0.9854,47.44,221.9,453.85,0.963,0.9287,0.7384,0.5853,0.8814,0.788,0.7055,0.545,0.7055,0.5449,1.0,1.0
745.png,True,0.6546,0,107,256,172,75,256,96,256,0.6864,0.6312,0.9029,0.9623,0.98,45.25,217.78,456.17,0.9462,0.8978,0.8852,0.794,0.0,0.0,0.3478,0.2105,0.939,0.8851,1.0,1.0
2324.png,True,0.6238,0,125,256,200,85,256,96,256,0.8443,0.747,0.956,0.8994,0.9871,48.09,220.21,720.83,0.981,0.9627,0.8294,0.7085,0.7758,0.6337,0.7025,0.5414,0.7771,0.6355,1.0,1.0
1130.png,True,0.6571,0,105,256,184,91,256,96,256,0.863,0.7893,0.9542,0.9202,0.9801,46.11,226.65,753.78,0.9732,0.9478,0.6341,0.4642,1.0,1.0,0.9012,0.8201,0.6697,0.5034,1.0,1.0
461.png,True,0.5837,0,44,255,125,93,256,96,256,0.592,0.5433,0.9723,0.817,0.9837,45.33,221.2,600.25,0.9867,0.9737,0.7837,0.6444,0.0,0.0,0.7817,0.6416,0.0,0.0,1.0,1.0
1927.png,True,0.3811,0,104,254,152,54,256,64,256,0.8055,0.7281,0.9185,0.8882,0.9522,44.85,160.14,534.61,0.9522,0.9088,0.4278,0.2721,1.0,1.0,0.881,0.7872,0.5721,0.4007,1.0,1.0
2039.png,True,0.5822,0,73,256,197,142,256,160,256,0.4267,0.3305,0.9722,0.7268,0.959,68.71,548.71,883.24,0.9896,0.9795,0.2565,0.1471,0.4611,0.2997,0.0,0.0,0.3077,0.1818,0.5455,0.375
2656.png,True,0.685,0,95,255,173,88,256,96,256,0.7443,0.6812,0.957,0.767,0.9771,70.51,322.63,686.17,0.9768,0.9546,0.7781,0.6368,0.0,0.0,0.8679,0.7667,0.8433,0.7291,1.0,1.0
374.png,True,0.6098,0,60,255,155,109,256,128,256,0.9171,0.8673,0.9804,0.9686,0.9847,70.97,423.14,830.5,0.9898,0.9799,0.6955,0.5331,1.0,1.0,1.0,1.0,0.8171,0.6908,1.0,1.0
1104.png,True,0.6095,0,70,256,144,84,256,96,256,0.8244,0.7884,0.9807,0.8299,0.9768,80.85,320.62,657.38,0.9899,0.98,0.7985,0.6646,1.0,1.0,1.0,1.0,0.1579,0.0857,1.0,1.0
12.png,True,0.7171,0,0,256,135,144,256,160,256,0.9154,0.8654,0.9838,0.9674,0.9801,72.9,540.63,848.4,0.9916,0.9834,0.6895,0.5262,0.8115,0.6828,1.0,1.0,1.0,1.0,1.0,1.0
2958.png,True,0.4451,0,81,255,188,121,256,128,256,0.6054,0.5045,0.9603,0.6644,0.966,76.25,310.21,853.85,0.9803,0.9614,0.787,0.6488,0.8133,0.6853,0.6455,0.4765,0.0,0.0,0.4063,0.2549
639.png,True,0.4438,0,118,253,171,61,256,64,256,0.5039,0.4401,0.9045,0.7513,0.9432,45.08,158.68,452.76,0.9512,0.9069,0.5079,0.3404,0.0,0.0,0.5643,0.393,0.0,0.0,1.0,1.0
1715.png,True,0.6735,0,107,256,200,107,256,128,256,0.8861,0.8125,0.957,0.9815,0.9903,45.62,280.75,562.86,0.9763,0.9537,0.7828,0.6431,1.0,1.0,0.7443,0.5927,0.8134,0.6854,1.0,1.0
969.png,True,0.4558,0,139,254,199,68,256,96,256,0.9377,0.8958,0.9788,0.9851,0.9887,45.1,226.85,654.04,0.9887,0.9776,0.886,0.7954,1.0,1.0,0.7515,0.602,1.0,1.0,1.0,1.0
205.png,True,0.3279,0,63,254,118,63,256,64,256,0.636,0.5689,0.9528,0.8904,0.9605,44.95,176.15,498.6,0.977,0.9551,0.0,0.0,0.5558,0.3849,1.0,1.0,0.3631,0.2219,0.92,0.8519
357.png,True,0.5463,0,83,253,140,65,256,96,256,0.9164,0.8551,0.9344,0.9611,0.9808,46.7,226.29,544.75,0.9588,0.9208,0.8508,0.7404,0.7882,0.6504,1.0,1.0,0.9006,0.8192,1.0,1.0
1613.png,True,0.6133,0,39,255,192,175,256,192,256,0.9108,0.8584,0.9864,0.9713,0.9809,45.03,423.24,680.98,0.993,0.9861,0.7221,0.5651,0.7494,0.5993,1.0,1.0,1.0,1.0,1.0,1.0
258.png,True,0.6629,0,14,256,256,256,256,256,256,0.8819,0.8602,0.9853,0.9891,0.9891,47.75,567.52,1014.41,0.9926,0.9853,0.2988,0.1757,1.0,1.0,1.0,1.0,1.0,1.0,1.0,1.0
2635.png,True,0.4206,0,106,254,205,113,256,128,256,0.5662,0.5084,0.9394,0.8025,0.9844,51.4,283.34,805.68,0.9693,0.9405,0.7066,0.5463,0.7211,0.5638,0.0,0.0,0.0,0.0,1.0,1.0
1028.png,True,0.5595,0,49,256,224,199,256,224,256,0.7863,0.6782,0.9654,0.9151,0.9825,45.18,479.51,761.79,0.9815,0.9638,0.541,0.3708,0.7818,0.6418,0.7101,0.5506,1.0,1.0,0.7033,0.5424
1769.png,True,0.5504,0,146,253,197,59,256,64,256,0.7274,0.6535,0.9036,0.9281,0.9707,45.52,162.4,622.3,0.9396,0.8861,0.0,0.0,0.7931,0.6572,0.8135,0.6856,0.8181,0.6922,1.0,1.0
1108.png,True,0.3578,0,128,253,177,55,256,64,256,0.8416,0.7622,0.9317,0.863,0.9773,45.19,154.51,426.04,0.9605,0.9239,0.8298,0.7092,1.0,1.0,0.7464,0.5953,0.5128,0.3448,1.0,1.0
2454.png,True,0.7134,0,113,255,195,94,256,96,256,0.7087,0.6326,0.9539,0.9548,0.985,47.34,230.21,461.06,0.9758,0.9527,0.6804,0.5156,0.7962,0.6615,0.0,0.0,0.7995,0.666,1.0,1.0
55.png,True,0.6381,0,73,255,186,129,256,160,256,0.7388,0.6745,0.9644,0.8018,0.9895,43.96,337.08,743.1,0.9801,0.961,0.7533,0.6043,1.0,1.0,0.8077,0.6774,0.8915,0.8042,0.0,0.0
1190.png,True,0.5876,0,93,255,156,71,256,96,256,0.9455,0.9064,0.9676,0.9861,0.9921,50.91,219.55,482.9,0.9819,0.9645,0.7843,0.6451,1.0,1.0,0.9065,0.829,1.0,1.0,1.0,1.0
554.png,True,0.7727,0,106,254,170,72,256,96,256,0.9399,0.8916,0.9373,0.976,0.9871,47.9,222.83,485.18,0.9553,0.9144,0.8689,0.7682,1.0,1.0,0.8642,0.7608,0.9509,0.9063,1.0,1.0
1455.png,True,0.8289,0,96,255,186,102,256,128,256,0.9517,0.9126,0.9697,0.9664,0.9921,48.31,323.76,549.18,0.9797,0.9603,0.8452,0.732,1.0,1.0,0.9486,0.9022,0.9369,0.8812,1.0,1.0
2123.png,True,0.4029,0,113,256,175,70,256,96,256,0.6849,0.6013,0.9329,0.9161,0.963,70.67,340.84,787.81,0.9628,0.9283,0.6875,0.5238,0.0,0.0,0.7896,0.6524,0.6694,0.503,1.0,1.0
574.png,True,0.5313,0,116,255,203,99,256,128,256,0.5918,0.5427,0.9549,0.9375,0.9844,69.45,414.53,705.52,0.9783,0.9576,0.7512,0.6015,0.8216,0.6972,1.0,1.0,0.0,0.0,0.0,0.0
2158.png,True,0.5891,0,65,255,202,157,256,160,256,0.7227,0.6237,0.9706,0.8698,0.9709,73.19,512.25,810.99,0.985,0.9704,0.2353,0.1333,0.759,0.6115,0.6916,0.5286,0.6654,0.4986,1.0,1.0
387.png,True,0.5684,0,87,255,188,115,256,128,256,0.9354,0.8912,0.9849,0.9875,0.992,109.57,451.62,914.56,0.9921,0.9843,0.8297,0.709,0.7907,0.6539,1.0,1.0,1.0,1.0,1.0,1.0
2138.png,True,0.6761,0,36,255,175,159,256,160,256,0.9112,0.8675,0.9821,0.9567,0.982,79.41,569.5,1027.53,0.9907,0.9815,0.577,0.4055,0.8998,0.8178,1.0,1.0,1.0,1.0,1.0,1.0
892.png,True,0.5834,0,85,256,139,62,256,64,256,0.9452,0.9048,0.9747,0.9902,0.9922,54.89,153.53,830.92,0.9863,0.9729,0.8392,0.7229,1.0,1.0,0.846,0.7332,1.0,1.0,1.0,1.0
2018.png,True,0.4997,0,66,253,130,72,256,96,256,0.5546,0.4792,0.8892,0.9181,0.9648,48.89,222.88,488.16,0.937,0.8814,0.0,0.0,0.0,0.0,0.7919,0.6554,0.7451,0.5937,0.8535,0.7445
1934.png,True,0.448,1,96,255,152,64,256,64,256,0.8739,0.7968,0.962,0.9361,0.9747,45.56,173.68,442.49,0.9798,0.9604,0.708,0.5479,1.0,1.0,0.7761,0.6341,0.7794,0.6386,1.0,1.0
2439.png,True,0.657,0,106,255,174,78,256,96,256,0.9333,0.8827,0.9705,0.9774,0.9917,44.65,227.4,660.1,0.983,0.9666,0.8105,0.6814,1.0,1.0,0.88,0.7857,0.9262,0.8625,1.0,1.0
1242.png,True,0.5088,0,92,256,165,83,256,96,256,0.8096,0.7912,0.9851,0.9931,0.9931,44.36,219.38,575.78,0.9921,0.9844,0.8654,0.7627,1.0,1.0,0.0,0.0,1.0,1.0,1.0,1.0
1193.png,True,0.686,0,101,256,177,86,256,96,256,0.937,0.8885,0.9656,0.9725,0.9894,46.04,222.94,447.66,0.9806,0.9619,0.8713,0.772,1.0,1.0,0.8293,0.7084,0.941,0.8885,1.0,1.0
491.png,True,0.6807,0,105,256,200,109,256,128,256,0.881,0.8324,0.9828,0.9842,0.9856,52.94,280.98,533.46,0.9911,0.9823,0.8301,0.7096,1.0,1.0,0.4646,0.3026,1.0,1.0,1.0,1.0
1362.png,True,0.6176,0,79,255,163,96,256,96,256,0.9096,0.8408,0.9691,0.9591,0.9918,43.97,225.47,538.75,0.9837,0.968,0.8445,0.7309,0.9214,0.8542,0.8743,0.7766,0.8338,0.7149,1.0,1.0
1501.png,True,0.5599,1,85,255,151,76,256,96,256,0.9575,0.925,0.9814,0.9867,0.9921,50.04,218.54,482.9,0.99,0.9802,0.8296,0.7088,1.0,1.0,1.0,1.0,0.9253,0.861,1.0,1.0
1631.png,True,0.6301,0,93,256,159,76,256,96,256,0.869,0.7872,0.8882,0.9199,0.9717,45.08,224.39,527.66,0.9276,0.865,0.7009,0.5396,1.0,1.0,0.7415,0.5892,0.8437,0.7297,1.0,1.0
2622.png,True,0.5717,0,135,256,219,96,256,96,256,0.859,0.7725,0.9631,0.9482,0.9871,43.61,231.07,431.63,0.9803,0.9614,0.6522,0.4839,0.9116,0.8376,0.7578,0.61,0.852,0.7421,1.0,1.0
1357.png,True,0.6648,0,75,254,164,101,256,128,256,0.8156,0.7311,0.9375,0.8565,0.9869,44.71,279.78,786.78,0.9738,0.9489,0.8661,0.7638,0.7938,0.6582,0.8746,0.7771,0.3856,0.2389,1.0,1.0
2754.png,True,0.3466,0,116,253,158,48,256,64,256,0.4468,0.3562,0.8215,0.7694,0.929,44.38,155.06,465.45,0.8883,0.7991,0.0,0.0,0.7815,0.6413,0.0,0.0,0.6337,0.4639,0.3775,0.2327
1056.png,True,0.8391,0,121,255,204,95,256,96,256,0.9214,0.8687,0.969,0.9881,0.9938,45.22,220.16,481.74,0.9799,0.9606,0.7305,0.5754,1.0,1.0,0.8507,0.7402,0.9671,0.9363,1.0,1.0
418.png,True,0.4509,2,129,256,230,115,256,128,256,0.8643,0.7854,0.9773,0.9349,0.9908,45.1,291.23,752.53,0.9893,0.9788,0.7496,0.5995,0.7439,0.5922,0.7028,0.5418,1.0,1.0,1.0,1.0
628.png,True,0.706,0,90,255,194,118,256,128,256,0.8543,0.7522,0.9376,0.9006,0.9842,45.19,281.28,838.9,0.964,0.9304,0.7529,0.6038,0.8738,0.7759,0.878,0.7825,0.7791,0.6381,0.8781,0.7827
1433.png,True,0.591,0,105,256,191,98,256,128,256,0.9204,0.8634,0.9671,0.9856,0.9932,45.65,297.4,585.0,0.9811,0.9629,0.7657,0.6203,1.0,1.0,0.8685,0.7676,0.9069,0.8297,1.0,1.0
1502.png,True,0.5286,1,85,256,154,79,256,96,256,0.956,0.9229,0.9806,0.9661,0.9821,70.54,324.12,701.38,0.9896,0.9793,0.8213,0.6968,1.0,1.0,1.0,1.0,0.9253,0.8611,1.0,1.0
1697.png,True,0.5529,0,135,254,222,99,256,128,256,0.8146,0.7273,0.943,0.958,0.9825,88.16,423.62,793.91,0.9684,0.9387,0.9067,0.8293,0.9094,0.8338,1.0,1.0,0.5421,0.3719,0.5612,0.3901
1857.png,True,0.4541,1,127,256,175,54,256,64,256,0.594,0.5608,0.9441,0.9825,0.9826,71.77,237.35,513.34,0.9705,0.9426,0.5937,0.4222,1.0,1.0,0.0,0.0,0.0,0.0,1.0,1.0
2661.png,True,0.7089,0,97,255,176,91,256,96,256,0.9127,0.8523,0.9663,0.954,0.9835,73.32,322.68,715.28,0.9812,0.963,0.7402,0.5875,1.0,1.0,0.8792,0.7844,0.8757,0.7789,1.0,1.0
2297.png,True,0.5216,0,76,254,187,127,256,128,256,0.7036,0.6275,0.9781,0.9465,0.9888,79.99,446.67,845.07,0.9899,0.9799,0.6741,0.5084,0.0,0.0,0.7543,0.6055,0.8031,0.6711,1.0,1.0
70.png,True,0.6846,0,92,255,190,112,256,128,256,0.7386,0.6744,0.9621,0.9721,0.9889,72.34,414.47,966.55,0.9784,0.9577,0.7383,0.5852,0.0,0.0,0.8878,0.7982,0.827,0.705,1.0,1.0
1479.png,True,0.7812,0,116,256,199,95,256,96,256,0.8012,0.769,0.9775,0.8262,0.9934,44.63,221.59,660.71,0.9865,0.9733,0.8349,0.7166,1.0,1.0,0.9507,0.906,0.0351,0.0179,1.0,1.0
1311.png,True,0.613,0,70,256,150,92,256,96,256,0.916,0.857,0.9778,0.9708,0.9907,43.36,219.64,713.54,0.9889,0.978,0.798,0.664,0.9098,0.8345,1.0,1.0,0.7994,0.6658,1.0,1.0
14.png,True,0.551,0,19,254,144,143,256,160,256,0.7427,0.69,0.9875,0.9601,0.9798,44.76,363.39,609.44,0.9936,0.9873,0.7358,0.5821,1.0,1.0,0.0,0.0,0.7265,0.5704,1.0,1.0
874.png,True,0.6019,0,89,256,140,59,256,64,256,0.817,0.7634,0.9544,0.8377,0.9595,43.89,155.93,376.75,0.9747,0.9506,0.8264,0.7042,1.0,1.0,0.8957,0.8111,0.2053,0.1144,1.0,1.0
2151.png,True,0.5963,0,70,256,204,152,256,160,256,0.5113,0.4524,0.9197,0.6848,0.9801,44.27,364.22,594.94,0.971,0.9437,0.1224,0.0652,0.8657,0.7632,0.9075,0.8307,0.0,0.0,0.2009,0.1117
222.png,True,0.5674,0,95,256,176,93,256,96,256,0.9122,0.8544,0.9608,0.958,0.9848,44.53,216.61,476.18,0.9765,0.954,0.6948,0.5323,1.0,1.0,0.9132,0.8403,0.8885,0.7994,1.0,1.0
42.png,True,0.6785,1,76,256,157,93,256,96,256,0.7705,0.7251,0.9475,0.8042,0.9843,50.06,230.66,564.7,0.9692,0.9403,1.0,1.0,1.0,1.0,0.8487,0.7372,0.0,0.0,0.8049,0.6735
1740.png,True,0.5886,0,98,254,184,98,256,128,256,0.7553,0.6982,0.9627,0.9541,0.9844,43.98,279.62,614.87,0.9792,0.9592,0.8312,0.7112,0.8049,0.6736,1.0,1.0,0.9163,0.8455,0.0,0.0
1767.png,True,0.8218,0,112,255,208,110,256,128,256,0.8913,0.8166,0.899,0.9455,0.9782,46.23,277.77,583.36,0.93,0.8691,1.0,1.0,0.7533,0.6042,0.8147,0.6873,0.8497,0.7387,1.0,1.0
1797.png,True,0.5039,0,75,253,154,91,256,96,256,0.7518,0.7033,0.9735,0.9545,0.9673,45.99,228.24,534.1,0.9857,0.9719,0.6757,0.5102,0.8493,0.738,1.0,1.0,1.0,1.0,0.0,0.0
764.png,True,0.7855,0,83,256,158,85,256,96,256,0.8936,0.8162,0.9375,0.922,0.9762,45.47,219.67,542.97,0.9599,0.9228,0.7612,0.6145,0.855,0.7467,0.9047,0.8259,0.8811,0.7875,1.0,1.0
441.png,True,0.5753,0,33,254,125,104,256,128,256,0.653,0.5749,0.9745,0.7779,0.9759,46.21,303.56,564.3,0.9877,0.9758,0.8208,0.6961,0.0,0.0,0.6404,0.471,0.4694,0.3067,1.0,1.0
106.png,True,0.4852,0,71,256,172,115,256,128,256,0.7303,0.6776,0.9831,0.9972,0.9972,46.65,289.41,717.18,0.9914,0.9829,0.0,0.0,0.5983,0.4269,1.0,1.0,0.792,0.6556,1.0,1.0
362.png,True,0.369,0,60,255,119,67,256,96,256,0.7474,0.64,0.9318,0.8439,0.9549,45.15,220.29,680.53,0.9633,0.9293,0.6667,0.5,0.8266,0.7044,0.6237,0.4531,0.4041,0.2532,1.0,1.0
1186.png,True,0.405,0,91,255,155,72,256,96,256,0.941,0.8988,0.9769,0.9853,0.9906,45.84,225.93,530.97,0.9877,0.9758,0.8482,0.7364,1.0,1.0,0.8099,0.6805,1.0,1.0,1.0,1.0
1129.png,True,0.3477,0,144,254,182,44,256,64,256,0.9111,0.8478,0.9654,0.973,0.9878,46.07,159.58,486.59,0.9809,0.9624,0.8608,0.7556,1.0,1.0,0.7963,0.6615,0.8285,0.7071,1.0,1.0
890.png,True,0.4073,0,89,256,134,51,256,64,256,0.8798,0.794,0.9442,0.9346,0.9822,59.85,240.31,625.97,0.9669,0.9359,0.8178,0.6917,0.8246,0.7016,0.8605,0.7552,0.8091,0.6794,1.0,1.0
2567.png,True,0.6195,0,50,255,156,120,256,128,256,0.9577,0.9254,0.988,0.9788,0.9875,85.21,627.49,1232.94,0.9938,0.9876,0.8316,0.7118,1.0,1.0,1.0,1.0,0.9208,0.8531,1.0,1.0
1029.png,True,0.577,0,29,256,217,214,256,224,256,0.5876,0.4742,0.9573,0.8482,0.9844,90.17,926.65,1281.72,0.978,0.957,0.6129,0.4419,0.656,0.4881,0.5314,0.3618,0.0,0.0,0.7473,0.5966
2494.png,True,0.5845,0,89,254,183,108,256,128,256,0.7247,0.6568,0.9672,0.9568,0.9847,110.97,533.81,862.55,0.9824,0.9654,0.6743,0.5086,0.0,0.0,0.8658,0.7634,0.8258,0.7033,1.0,1.0
1813.png,True,0.5582,0,65,254,157,104,256,128,256,0.4086,0.3561,0.9328,0.7482,0.9719,73.37,425.84,901.94,0.9837,0.9679,0.6654,0.4986,0.0,0.0,0.0,0.0,0.0,0.0,0.8026,0.6702
218.png,True,0.6448,0,93,256,170,87,256,96,256,0.9032,0.8418,0.9375,0.9683,0.9851,73.2,334.79,903.09,0.9592,0.9215,0.6637,0.4967,1.0,1.0,0.8684,0.7674,0.9277,0.8652,1.0,1.0
199.png,False,0.0,0,0,256,256,256,256,256,256,0.6218,0.5957,0.9973,0.9944,0.9944,64.14,691.58,955.05,0.9986,0.9973,0.7319,0.5772,0.0,0.0,1.0,1.0,1.0,1.0,0.0,0.0
456.png,True,0.5523,0,29,254,127,112,256,128,256,0.9683,0.9462,0.9879,0.9928,0.9928,50.78,374.9,629.76,0.9937,0.9876,0.8161,0.6893,1.0,1.0,1.0,1.0,1.0,1.0,1.0,1.0
71.png,True,0.6735,0,89,254,188,113,256,128,256,0.9204,0.8622,0.965,0.9841,0.9901,45.54,286.54,586.08,0.9798,0.9604,0.7888,0.6513,1.0,1.0,0.8887,0.7998,0.8648,0.7618,1.0,1.0
2844.png,True,0.5147,0,94,255,154,68,256,96,256,0.7427,0.6822,0.9656,0.929,0.9848,45.63,226.55,575.79,0.9831,0.9668,0.0,0.0,0.91,0.8349,0.8429,0.7284,0.7204,0.563,1.0,1.0
1497.png,True,0.6224,0,86,255,154,78,256,96,256,0.9098,0.8571,0.9725,0.978,0.9844,45.09,237.61,706.15,0.9856,0.9715,0.6888,0.5254,1.0,1.0,1.0,1.0,0.7847,0.6456,1.0,1.0
646.png,True,0.5833,0,122,256,197,85,256,96,256,0.7036,0.6167,0.9184,0.7926,0.9743,46.05,223.5,594.6,0.953,0.9103,0.8054,0.6742,0.7028,0.5417,0.8581,0.7514,0.0,0.0,0.9026,0.8225
2384.png,True,0.7162,1,42,256,151,125,256,128,256,0.8152,0.6998,0.9461,0.9172,0.9833,44.34,301.32,553.41,0.9714,0.9444,0.7287,0.5732,0.8126,0.6844,0.8723,0.7736,0.6667,0.5,0.8396,0.7236
567.png,True,0.5899,0,95,255,189,108,256,128,256,0.96,0.9349,0.9888,0.9843,0.9843,45.46,280.86,570.61,0.9942,0.9885,0.766,0.6207,1.0,1.0,1.0,1.0,1.0,1.0,1.0,1.0
519.png,True,0.52,0,93,256,181,100,256,128,256,0.7295,0.6772,0.9616,0.9238,0.9897,60.18,282.35,565.83,0.9786,0.9581,0.5714,0.4,0.8272,0.7053,0.0,0.0,1.0,1.0,1.0,1.0
2479.png,True,0.5654,0,73,256,184,127,256,128,256,0.8682,0.7983,0.9767,0.9654,0.9876,46.18,304.75,781.44,0.9878,0.9758,0.5591,0.388,1.0,1.0,0.8673,0.7657,0.7953,0.6602,1.0,1.0
2920.png,True,0.4416,0,114,252,171,65,256,96,256,0.5238,0.4122,0.8731,0.5943,0.9653,47.67,232.04,570.16,0.9378,0.8828,0.5954,0.4239,0.7842,0.645,0.3796,0.2343,0.4459,0.2869,0.0,0.0
1007.png,True,0.5522,0,58,256,131,83,256,96,256,0.8169,0.7616,0.9616,0.9638,0.9848,51.9,238.12,576.16,0.9802,0.9613,0.7803,0.6397,0.9131,0.8401,0.2281,0.1287,1.0,1.0,1.0,1.0
2977.png,True,0.6171,0,109,256,184,85,256,96,256,0.7465,0.6941,0.9652,0.9711,0.9868,45.89,223.3,627.15,0.982,0.9647,0.7062,0.5458,1.0,1.0,0.7908,0.654,0.0,0.0,1.0,1.0
2970.png,True,0.4812,0,72,254,172,114,256,128,256,0.749,0.6999,0.9771,0.8026,0.9804,46.74,282.93,629.19,0.9881,0.9765,0.6663,0.4995,0.8396,0.7236,1.0,1.0,1.0,1.0,0.0,0.0
2900.png,True,0.5365,0,96,256,178,94,256,96,256,0.5549,0.4981,0.9594,0.8977,0.9841,44.92,229.24,486.77,0.9848,0.9701,0.7294,0.5741,0.6152,0.4443,0.0,0.0,0.0,0.0,1.0,1.0
121.png,True,0.4734,0,86,254,181,109,256,128,256,0.4766,0.4581,0.9778,0.8266,0.9926,46.18,402.95,748.45,0.9889,0.978,0.0,0.0,0.8706,0.7708,0.0,0.0,0.0,0.0,1.0,1.0
513.png,True,0.4697,0,49,255,115,76,256,96,256,0.8157,0.736,0.9661,0.8275,0.9809,85.72,407.64,689.51,0.9826,0.9658,0.8374,0.7202,0.3469,0.2099,0.8622,0.7578,0.8652,0.7624,1.0,1.0
2426.png,True,0.7353,0,97,255,175,88,256,96,256,0.9037,0.8407,0.9533,0.9595,0.9875,73.64,329.65,626.39,0.9721,0.9458,0.6905,0.5274,1.0,1.0,0.873,0.7746,0.8867,0.7965,1.0,1.0
1393.png,True,0.3483,0,47,255,142,109,256,128,256,0.5329,0.4685,0.905,0.9445,0.9673,71.69,441.34,915.82,0.9493,0.9035,0.6439,0.4748,0.0,0.0,0.6041,0.4328,0.0,0.0,1.0,1.0
2547.png,True,0.5476,0,92,253,169,87,256,96,256,0.6031,0.5142,0.8878,0.8121,0.9505,86.75,320.04,641.1,0.9395,0.8859,0.6903,0.527,0.0,0.0,0.6093,0.4382,0.3797,0.2343,1.0,1.0
610.png,True,0.5502,0,132,252,188,64,256,64,256,0.8366,0.7778,0.9613,0.8622,0.9832,70.64,260.82,522.4,0.9765,0.954,0.7371,0.5836,1.0,1.0,0.9573,0.9181,0.349,0.2114,1.0,1.0
1533.png,True,0.7724,0,80,256,247,188,256,192,256,0.9515,0.9178,0.9822,0.9819,0.9954,75.09,612.14,1151.17,0.9898,0.9798,0.7752,0.6329,1.0,1.0,1.0,1.0,0.9441,0.8941,1.0,1.0
1835.png,True,0.7054,1,117,256,204,99,256,128,256,0.7131,0.6377,0.9489,0.9291,0.9831,44.87,303.22,600.77,0.9747,0.9507,0.7113,0.5519,0.0,0.0,0.7854,0.6467,0.8073,0.6769,1.0,1.0
805.png,True,0.8884,0,72,255,177,119,256,128,256,0.9381,0.8928,0.9789,0.9835,0.995,46.31,293.73,1073.67,0.9864,0.9732,0.8256,0.703,1.0,1.0,0.8358,0.7179,0.9808,0.9623,1.0,1.0
2607.png,True,0.5608,0,62,254,134,82,256,96,256,0.6636,0.6097,0.9596,0.7585,0.9594,45.58,236.66,491.13,0.9789,0.9586,0.3426,0.2067,1.0,1.0,0.6603,0.4929,0.0,0.0,1.0,1.0
1370.png,True,0.6268,0,84,254,172,100,256,128,256,0.9401,0.8923,0.9758,0.9794,0.9929,45.35,287.22,748.51,0.9865,0.9735,0.9006,0.8191,1.0,1.0,0.8804,0.7864,0.8731,0.7747,1.0,1.0
822.png,True,0.631,0,101,255,174,83,256,96,256,0.9591,0.9282,0.9799,0.9732,0.9851,45.55,231.49,707.67,0.9888,0.9778,0.8235,0.7,1.0,1.0,1.0,1.0,0.9426,0.8914,1.0,1.0
2132.png,True,0.5142,0,105,254,176,81,256,96,256,0.9019,0.8369,0.9694,0.9597,0.9856,47.44,230.86,462.33,0.9831,0.9668,0.7296,0.5743,1.0,1.0,0.8116,0.683,0.8872,0.7973,1.0,1.0
2966.png,True,0.437,0,32,255,170,158,256,160,256,0.7532,0.7045,0.986,0.7922,0.9779,47.71,355.16,723.56,0.9928,0.9858,0.7049,0.5442,0.8214,0.697,1.0,1.0,1.0,1.0,0.0,0.0
2188.png,True,0.6798,0,86,256,148,70,256,96,256,0.8869,0.809,0.9504,0.9716,0.987,45.85,243.12,502.55,0.97,0.9417,0.8821,0.789,1.0,1.0,0.7139,0.5551,0.9162,0.8454,0.839,0.7226
1450.png,True,0.558,0,103,254,186,95,256,96,256,0.9442,0.905,0.9765,0.983,0.9934,49.11,230.44,497.46,0.987,0.9744,0.7766,0.6347,1.0,1.0,0.9014,0.8206,1.0,1.0,1.0,1.0
1328.png,True,0.459,0,96,255,197,115,256,128,256,0.8213,0.7429,0.9767,0.9389,0.9901,46.6,302.1,592.77,0.9895,0.9792,0.76,0.6129,0.4441,0.2854,1.0,1.0,0.7342,0.58,1.0,1.0
2385.png,True,0.653,1,44,256,151,121,256,128,256,0.8492,0.7478,0.9513,0.9309,0.9861,45.71,289.37,570.38,0.9725,0.9464,0.728,0.5724,0.7511,0.6014,0.9041,0.825,0.8366,0.7191,0.9028,0.8228
1858.png,True,0.4034,1,127,256,165,44,256,64,256,0.433,0.3962,0.8876,0.9577,0.9681,46.07,165.62,650.39,0.9397,0.8862,0.6584,0.4908,0.0,0.0,0.0,0.0,0.0,0.0,1.0,1.0
2355.png,True,0.6049,0,102,254,205,117,256,128,256,0.8942,0.8231,0.9488,0.9152,0.969,45.35,298.0,644.57,0.9764,0.9538,0.7803,0.6398,0.7969,0.6623,0.8115,0.6828,1.0,1.0,1.0,1.0
1200.png,True,0.6502,0,92,256,167,85,256,96,256,0.9659,0.9379,0.9888,0.9669,0.9865,46.02,226.31,702.14,0.9941,0.9882,0.8949,0.8098,1.0,1.0,1.0,1.0,0.9067,0.8294,1.0,1.0
601.png,True,0.6369,0,129,253,197,78,256,96,256,0.9481,0.9128,0.971,0.9838,0.9905,48.51,230.23,651.26,0.9813,0.9633,0.7576,0.6098,1.0,1.0,0.9496,0.904,1.0,1.0,1.0,1.0
2368.png,True,0.488,0,65,255,128,71,256,96,256,0.7405,0.6858,0.961,0.9655,0.9774,71.27,343.73,652.41,0.9793,0.9595,0.7531,0.604,1.0,1.0,0.7108,0.5514,1.0,1.0,0.0,0.0
2461.png,True,0.5838,1,66,256,200,152,256,160,256,0.6038,0.4889,0.9646,0.7753,0.9698,74.66,513.42,782.23,0.9825,0.9656,0.5612,0.39,0.1624,0.0884,0.4183,0.2644,0.634,0.4641,0.8644,0.7611
618.png,True,0.5716,0,120,254,186,76,256,96,256,0.9675,0.9447,0.9827,0.983,0.983,77.39,332.4,690.43,0.9909,0.982,0.8139,0.6862,1.0,1.0,1.0,1.0,1.0,1.0,1.0,1.0
1244.png,True,0.6799,0,103,256,184,93,256,96,256,0.9403,0.9031,0.9677,0.953,0.99,75.19,354.16,653.03,0.9798,0.9605,0.7112,0.5519,1.0,1.0,0.9508,0.9063,1.0,1.0,1.0,1.0
2940.png,True,0.7834,0,90,256,175,97,256,128,256,0.8537,0.7752,0.9729,0.8871,0.9885,73.62,438.96,963.81,0.9841,0.9687,0.6963,0.5341,1.0,1.0,0.8889,0.8,0.9645,0.9315,0.5882,0.4167
2523.png,True,0.3743,0,124,254,166,48,256,64,256,0.8774,0.7992,0.9077,0.884,0.9702,45.24,174.24,3289.72,0.9424,0.8911,0.7922,0.656,1.0,1.0,0.8328,0.7136,0.6969,0.5348,1.0,1.0
777.png,True,0.647,0,100,255,166,76,256,96,256,0.8801,0.7967,0.9473,0.9631,0.9871,46.56,225.83,724.62,0.9686,0.9391,0.771,0.6273,0.8154,0.6884,0.917,0.8467,0.8087,0.6788,1.0,1.0
650.png,True,0.7368,0,106,256,195,101,256,128,256,0.716,0.6068,0.9047,0.8008,0.971,64.37,293.54,562.83,0.9499,0.9046,0.7712,0.6276,0.791,0.6542,0.7773,0.6357,0.1624,0.0884,0.8442,0.7304
2597.png,True,0.6069,2,37,191,150,129,210,160,224,0.7422,0.6735,0.9605,0.9171,0.9898,46.27,350.53,596.63,0.9747,0.9506,0.0,0.0,0.8121,0.6837,0.8973,0.8137,0.9336,0.8755,0.8356,0.7176
1747.png,True,0.6744,0,101,255,178,87,256,96,256,0.8847,0.8014,0.9324,0.9139,0.9705,45.58,223.1,710.39,0.9572,0.918,0.7758,0.6337,0.8831,0.7907,1.0,1.0,0.847,0.7346,0.845,0.7316
2052.png,True,0.6028,0,68,256,193,143,256,160,256,0.7293,0.6733,0.9753,0.9237,0.9777,46.49,376.24,642.95,0.989,0.9782,0.0,0.0,0.703,0.542,1.0,1.0,0.6838,0.5195,1.0,1.0
699.png,True,0.6066,0,89,254,155,76,256,96,256,0.9721,0.9514,0.9819,0.9952,0.9952,47.9,254.12,826.85,0.9904,0.981,0.8423,0.7276,1.0,1.0,1.0,1.0,1.0,1.0,1.0,1.0
308.png,True,0.5171,0,38,256,101,71,256,96,256,0.6893,0.6052,0.8796,0.7626,0.9585,48.76,301.39,1067.9,0.9246,0.8598,0.6168,0.4459,0.7845,0.6454,0.8096,0.6801,0.0,0.0,1.0,1.0
277.png,True,0.5406,0,80,256,129,55,256,64,256,0.7705,0.7275,0.9578,0.8113,0.9753,101.05,313.33,646.8,0.9766,0.9543,0.7547,0.6061,1.0,1.0,0.8919,0.8049,0.0,0.0,1.0,1.0
528.png,True,0.7107,0,104,255,190,98,256,128,256,0.6399,0.5887,0.9539,0.8283,0.9893,46.07,305.08,627.53,0.9752,0.9516,0.0,0.0,0.9293,0.8679,0.7652,0.6197,0.1699,0.0928,1.0,1.0
2974.png,True,0.6555,0,113,256,186,83,256,96,256,0.9009,0.8456,0.9657,0.9688,0.9877,55.92,231.0,521.75,0.9825,0.9655,0.664,0.497,1.0,1.0,0.7588,0.6114,1.0,1.0,1.0,1.0
1694.png,True,0.5008,0,133,254,216,95,256,96,256,0.8174,0.7153,0.9384,0.8772,0.9762,75.13,347.81,989.98,0.9654,0.9331,0.7719,0.6286,0.6669,0.5003,1.0,1.0,0.8688,0.7681,0.6316,0.4615
520.png,True,0.5256,0,95,256,186,103,256,128,256,0.7978,0.7723,0.9539,0.9916,0.9917,69.6,418.82,1015.81,0.9741,0.9495,0.0,0.0,0.8128,0.6846,1.0,1.0,1.0,1.0,1.0,1.0
523.png,True,0.5221,0,98,256,187,101,256,128,256,0.4791,0.4464,0.937,0.6669,0.9821,73.7,411.59,1207.61,0.9734,0.9481,0.0,0.0,0.8125,0.6842,0.0886,0.0463,0.0,0.0,1.0,1.0
1649.png,True,0.4509,0,100,255,162,70,256,96,256,0.8684,0.8179,0.9839,0.8802,0.9463,118.99,420.4,766.12,0.9917,0.9836,0.7874,0.6493,1.0,1.0,1.0,1.0,0.4311,0.2748,1.0,1.0
751.png,True,0.774,0,103,256,179,86,256,96,256,0.8132,0.7212,0.9374,0.9404,0.9856,80.18,359.32,695.95,0.963,0.9287,0.8203,0.6953,0.5754,0.4039,0.5757,0.4042,0.9446,0.895,1.0,1.0
2801.png,True,0.4983,0,46,256,164,134,256,160,256,0.6823,0.6018,0.9782,0.7329,0.9762,46.31,348.76,611.3,0.9907,0.9816,0.7299,0.5746,0.6156,0.4447,1.0,1.0,0.7577,0.6099,0.0,0.0
766.png,True,0.8259,0,84,256,161,87,256,96,256,0.8733,0.7945,0.9414,0.9365,0.9849,49.36,242.99,488.49,0.9683,0.9385,0.8098,0.6804,0.6325,0.4625,0.9134,0.8407,0.9161,0.8451,1.0,1.0
811.png,True,0.8127,0,104,256,176,82,256,96,256,0.9722,0.9501,0.9853,0.9819,0.9943,46.61,226.06,625.58,0.991,0.9821,0.8632,0.7593,1.0,1.0,1.0,1.0,0.9791,0.9591,1.0,1.0
372.png,True,0.5654,0,64,253,143,91,256,96,256,0.9401,0.8995,0.9797,0.9891,0.9897,45.83,228.93,638.25,0.9894,0.979,0.7561,0.6079,1.0,1.0,1.0,1.0,0.8951,0.8101,1.0,1.0
1349.png,True,0.6354,0,77,254,158,93,256,96,256,0.8365,0.7564,0.9696,0.9416,0.9921,45.78,231.27,716.55,0.9836,0.9677,0.838,0.7212,0.8638,0.7603,0.8932,0.807,0.4407,0.2826,1.0,1.0
1749.png,True,0.6392,0,102,254,175,83,256,96,256,0.8769,0.7904,0.9247,0.9329,0.9741,45.61,228.89,473.07,0.9505,0.9056,0.7585,0.611,0.8773,0.7814,1.0,1.0,0.8726,0.774,0.8026,0.6704
1582.png,True,0.6311,0,68,256,146,88,256,96,256,0.8388,0.7408,0.9523,0.8488,0.9683,56.32,234.34,488.31,0.9758,0.9527,0.7914,0.6548,0.6667,0.5,0.8493,0.738,0.7494,0.5992,1.0,1.0
2761.png,True,0.7151,0,82,255,164,94,256,96,256,0.9316,0.881,0.9636,0.9664,0.9881,48.25,228.08,521.18,0.9765,0.9541,0.8253,0.7026,1.0,1.0,0.8279,0.7064,0.9599,0.9228,1.0,1.0
