fname,detected,roi_confidence,box_x1,box_y1,box_x2,box_y2,crop_h,crop_w,seg_input_h,seg_input_w,dice,iou,pixel_accuracy,sensitivity,specificity,t_detect_ms,t_seg_ms,t_total_ms,dice_Background,iou_Background,dice_Retinal Layer,iou_Retinal Layer,dice_PED,iou_PED,dice_SRF,iou_SRF,dice_IRF,iou_IRF,dice_RPE,iou_RPE
2506.png,True,0.5621,0,91,256,173,82,256,96,256,0.694,0.6151,0.9698,0.724,0.9562,1.67,270.58,345.11,0.9867,0.9738,0.7894,0.6521,0.6647,0.4978,0.7234,0.5667,0.0,0.0,1.0,1.0
1531.png,True,0.6629,0,63,256,224,161,256,192,256,0.7851,0.7535,0.9844,0.7893,0.9903,1.46,494.31,1138.8,0.9911,0.9823,0.7547,0.606,0.0,0.0,1.0,1.0,0.965,0.9324,1.0,1.0
103.png,True,0.8829,0,91,256,177,86,256,96,256,0.4079,0.3157,0.8144,0.5497,0.8971,1.5,242.51,960.53,0.8966,0.8126,0.7,0.5385,0.4785,0.3145,0.3722,0.2287,0.0,0.0,0.0,0.0
1594.png,True,0.9304,0,96,256,213,117,256,128,256,0.8567,0.7883,0.9775,0.9193,0.9609,1.94,455.89,2303.44,0.9882,0.9766,0.4907,0.3251,0.8851,0.7938,0.7763,0.6343,1.0,1.0,1.0,1.0
2881.png,True,0.8028,0,92,256,184,92,256,96,256,0.6441,0.5565,0.8736,0.6982,0.8916,1.54,233.67,1481.9,0.9294,0.8681,0.7525,0.6033,0.0,0.0,0.7316,0.5768,0.4508,0.291,1.0,1.0
2007.png,True,0.8133,0,112,256,181,69,256,96,256,0.6966,0.6436,0.9475,0.8289,0.9465,1.64,247.46,2760.88,0.9708,0.9432,0.4167,0.2632,0.0,0.0,1.0,1.0,0.7919,0.6555,1.0,1.0
0.png,True,0.7521,0,31,256,138,107,256,128,256,0.7552,0.7254,0.9834,0.7692,0.9028,2.49,343.98,2066.82,0.9916,0.9833,0.5394,0.3693,0.0,0.0,1.0,1.0,1.0,1.0,1.0,1.0
1891.png,True,0.9108,0,118,256,195,77,256,96,256,0.7596,0.7269,0.9624,0.7419,0.8688,1.56,237.2,3150.42,0.9807,0.962,0.564,0.3928,0.013,0.0066,1.0,1.0,1.0,1.0,1.0,1.0
1150.png,True,0.6866,0,114,256,211,97,256,128,256,0.6995,0.6208,0.9619,0.7278,0.9675,2.2,440.5,2278.73,0.9848,0.97,0.6929,0.5301,0.7636,0.6176,0.7556,0.6071,0.0,0.0,1.0,1.0
2267.png,True,0.8815,0,45,256,162,117,256,128,256,0.5067,0.4535,0.9713,0.6759,0.9133,1.9,413.55,1955.49,0.9856,0.9716,0.6895,0.5262,0.3649,0.2231,0.0,0.0,1.0,1.0,0.0,0.0
2960.png,True,0.8426,0,112,256,186,74,256,96,256,0.4373,0.3933,0.9518,0.5997,0.9608,1.68,257.62,2770.4,0.9791,0.959,0.7799,0.6392,0.8648,0.7618,0.0,0.0,0.0,0.0,0.0,0.0
23.png,True,0.8628,0,70,256,163,93,256,96,256,0.9237,0.8783,0.9845,0.9485,0.9766,1.45,252.7,1904.5,0.992,0.9842,0.6802,0.5154,0.8701,0.77,1.0,1.0,1.0,1.0,1.0,1.0
1679.png,True,0.8605,0,109,256,186,77,256,96,256,0.818,0.7717,0.9551,0.7884,0.8932,1.44,236.17,1905.59,0.9764,0.954,0.7119,0.5527,1.0,1.0,1.0,1.0,0.2195,0.1233,1.0,1.0
298.png,True,0.8303,0,109,256,200,91,256,96,256,0.8402,0.7598,0.9741,0.8579,0.9665,4.78,294.67,2782.11,0.9874,0.9751,0.7284,0.5728,0.7697,0.6257,0.5559,0.385,1.0,1.0,1.0,1.0
2879.png,True,0.7557,0,29,256,200,171,256,192,256,0.4936,0.4359,0.973,0.6804,0.9847,2.02,653.84,3409.26,0.9855,0.9715,0.7753,0.633,0.2848,0.166,0.0,0.0,0.9159,0.8449,0.0,0.0
2814.png,True,0.7426,0,3,256,120,117,256,128,256,0.7716,0.6763,0.9646,0.8229,0.9762,1.62,330.9,3632.97,0.983,0.9665,0.6149,0.4439,0.852,0.7422,0.3725,0.2289,0.807,0.6764,1.0,1.0
658.png,True,0.8924,0,106,256,212,106,256,128,256,0.7878,0.7028,0.9862,0.7175,0.9064,1.59,347.71,1757.56,0.993,0.9861,0.5506,0.3799,0.6783,0.5132,1.0,1.0,0.5047,0.3375,1.0,1.0
726.png,True,0.8718,0,42,256,119,77,256,96,256,0.7943,0.7689,0.9798,0.9445,0.9445,1.47,249.03,1901.51,0.9894,0.9791,0.7763,0.6344,1.0,1.0,0.0,0.0,1.0,1.0,1.0,1.0
864.png,True,0.744,0,68,256,156,88,256,96,256,0.7251,0.67,0.962,0.701,0.9098,1.5,231.36,1655.11,0.9801,0.9609,0.8577,0.7508,1.0,1.0,1.0,1.0,0.3925,0.2442,0.12,0.0638
1086.png,True,0.8106,0,60,256,229,169,256,192,256,0.8264,0.7577,0.9807,0.801,0.9322,1.45,630.66,2930.52,0.9901,0.9804,0.7914,0.6548,0.3583,0.2183,0.8183,0.6925,1.0,1.0,1.0,1.0
545.png,True,0.7119,0,72,256,175,103,256,128,256,0.9645,0.9341,0.9824,0.9702,0.9945,2.8,408.96,1983.43,0.9897,0.9797,0.899,0.8166,1.0,1.0,0.9256,0.8616,0.9726,0.9467,1.0,1.0
1488.png,True,0.7451,0,66,256,197,131,256,160,256,0.8909,0.8423,0.9901,0.891,0.9766,1.51,395.52,2768.13,0.9949,0.9899,0.8344,0.7159,1.0,1.0,1.0,1.0,0.5161,0.3478,1.0,1.0
2325.png,True,0.9011,0,128,256,201,73,256,96,256,0.6553,0.5715,0.935,0.6689,0.9472,1.48,223.8,2733.59,0.9702,0.9422,0.4993,0.3327,0.7583,0.6108,0.7041,0.5433,0.0,0.0,1.0,1.0
853.png,True,0.7551,0,70,256,156,86,256,96,256,0.8984,0.8226,0.9504,0.9378,0.9859,1.44,222.26,1934.99,0.9754,0.9521,0.8944,0.809,0.8617,0.7571,1.0,1.0,0.8151,0.688,0.8438,0.7298
2684.png,True,0.8672,0,68,256,146,78,256,96,256,0.9333,0.8861,0.9811,0.9522,0.9795,1.44,224.8,1747.02,0.99,0.9801,0.763,0.6168,1.0,1.0,0.8864,0.796,0.9605,0.924,1.0,1.0
666.png,True,0.8018,0,53,256,212,159,256,160,256,0.5978,0.5551,0.9821,0.9538,0.9765,1.86,556.87,2273.79,0.9907,0.9816,0.704,0.5432,0.8924,0.8056,0.0,0.0,0.0,0.0,1.0,1.0
58.png,True,0.8368,0,90,256,172,82,256,96,256,0.8993,0.8353,0.9438,0.8971,0.9549,1.99,304.34,2827.55,0.9685,0.9389,0.8669,0.765,1.0,1.0,0.8939,0.8081,0.6664,0.4997,1.0,1.0
1388.png,True,0.8822,0,69,256,161,92,256,96,256,0.9176,0.8702,0.99,0.927,0.9628,2.02,229.53,2966.48,0.9949,0.9899,0.6647,0.4977,1.0,1.0,0.8462,0.7333,1.0,1.0,1.0,1.0
848.png,True,0.8337,0,72,256,149,77,256,96,256,0.8371,0.7418,0.9317,0.8832,0.9665,1.4,223.55,1428.36,0.9655,0.9334,0.911,0.8365,0.7519,0.6025,1.0,1.0,0.6274,0.4571,0.7666,0.6215
2913.png,True,0.7791,0,89,256,191,102,256,128,256,0.8691,0.7946,0.9726,0.9009,0.9827,1.57,327.02,3084.54,0.9852,0.9709,0.6234,0.4528,0.8358,0.718,0.7701,0.6261,1.0,1.0,1.0,1.0
2692.png,True,0.7936,0,86,256,193,107,256,128,256,0.8704,0.7825,0.9763,0.9067,0.966,1.6,434.86,3185.94,0.9883,0.9768,0.8434,0.7292,0.7759,0.6338,0.7867,0.6484,1.0,1.0,0.8283,0.707
2934.png,True,0.9078,0,62,256,178,116,256,128,256,0.8177,0.7371,0.9552,0.816,0.9781,1.59,443.31,2378.17,0.9725,0.9464,0.829,0.7079,0.3722,0.2286,1.0,1.0,0.9305,0.8701,0.8022,0.6698
2317.png,True,0.857,0,128,256,200,72,256,96,256,0.6753,0.5976,0.9285,0.6364,0.9372,1.62,256.46,2575.21,0.9586,0.9205,0.631,0.461,0.0,0.0,0.8926,0.806,0.5694,0.3981,1.0,1.0
889.png,True,0.8576,0,72,256,151,79,256,96,256,0.8177,0.7365,0.9677,0.7798,0.9672,1.43,244.03,1516.66,0.9832,0.967,0.842,0.727,0.8058,0.6748,0.901,0.8198,0.3742,0.2302,1.0,1.0
634.png,True,0.7603,0,100,256,191,91,256,96,256,0.6481,0.5596,0.9066,0.78,0.9358,1.54,242.74,2326.82,0.9489,0.9028,0.4479,0.2886,0.8483,0.7366,0.5526,0.3818,0.091,0.0477,1.0,1.0
458.png,True,0.8188,0,66,256,138,72,256,96,256,0.9073,0.8543,0.9794,0.9141,0.9336,1.52,230.88,2528.69,0.9893,0.9789,0.6822,0.5176,1.0,1.0,0.7723,0.6291,1.0,1.0,1.0,1.0
2449.png,True,0.8911,0,93,256,170,77,256,96,256,0.814,0.7282,0.9702,0.7808,0.9687,1.52,334.54,2198.22,0.9847,0.97,0.7964,0.6617,0.3944,0.2456,0.8684,0.7675,0.8401,0.7243,1.0,1.0
276.png,True,0.876,0,60,256,139,79,256,96,256,0.9204,0.8674,0.9836,0.8989,0.977,1.4,224.24,2748.46,0.9912,0.9825,0.8758,0.7791,1.0,1.0,0.9387,0.8845,0.7165,0.5583,1.0,1.0
1871.png,True,0.784,0,128,256,205,77,256,96,256,0.8263,0.7578,0.9564,0.875,0.9792,1.53,230.76,1963.12,0.9764,0.9539,1.0,1.0,0.8504,0.7397,0.7814,0.6412,0.3499,0.212,1.0,1.0
2087.png,True,0.8537,0,63,256,171,108,256,128,256,0.5458,0.4748,0.9211,0.9015,0.9723,1.52,313.56,2722.95,0.9535,0.9112,0.7368,0.5833,0.0,0.0,0.0,0.0,0.9278,0.8653,0.6569,0.4891
2419.png,True,0.8888,0,86,256,179,93,256,96,256,0.8975,0.8302,0.9797,0.9101,0.9664,1.5,226.22,3246.3,0.9893,0.9788,0.853,0.7437,1.0,1.0,0.8096,0.6801,0.7332,0.5787,1.0,1.0
1663.png,False,0.8811,0,104,256,168,64,256,64,256,0.9302,0.8861,0.9821,0.9504,0.9803,1.94,258.26,3238.29,0.9905,0.9813,0.8765,0.7801,1.0,1.0,1.0,1.0,0.714,0.5552,1.0,1.0
885.png,True,0.8793,0,73,256,152,79,256,96,256,0.9228,0.867,0.9734,0.9067,0.9823,1.43,242.39,1759.54,0.9849,0.9702,0.8186,0.6929,1.0,1.0,0.9257,0.8616,0.8076,0.6774,1.0,1.0
1745.png,True,0.7006,0,82,256,203,121,256,128,256,0.6299,0.5438,0.9489,0.7904,0.9633,1.4,290.17,1536.14,0.9726,0.9467,0.761,0.6142,0.856,0.7483,0.0,0.0,0.8619,0.7573,0.328,0.1962
971.png,True,0.8024,0,124,256,192,68,256,96,256,0.818,0.747,0.9643,0.7884,0.948,1.69,250.94,1837.77,0.9807,0.9622,0.6762,0.5108,1.0,1.0,0.8751,0.7779,0.3758,0.2313,1.0,1.0
589.png,False,0.8042,0,129,256,193,64,256,64,256,0.812,0.7949,0.9841,0.8285,0.9574,1.48,168.97,1477.65,0.9918,0.9837,0.8802,0.786,0.0,0.0,1.0,1.0,1.0,1.0,1.0,1.0
2947.png,True,0.8816,0,116,256,198,82,256,96,256,0.7661,0.6757,0.9576,0.7751,0.9641,1.38,224.14,2473.78,0.9774,0.9558,0.8156,0.6887,0.6176,0.4468,0.8764,0.7799,1.0,1.0,0.3096,0.1832
185.png,True,0.8499,0,55,256,129,74,256,96,256,0.5432,0.4684,0.9611,0.5584,0.9593,1.41,242.43,1957.94,0.9795,0.9599,0.7568,0.6087,0.6847,0.5205,0.0,0.0,0.8381,0.7214,0.0,0.0
2764.png,True,0.6591,0,63,256,174,111,256,128,256,0.9022,0.8417,0.9608,0.9014,0.9665,1.89,439.69,3269.39,0.9772,0.9554,0.6496,0.481,1.0,1.0,0.9013,0.8203,0.885,0.7937,1.0,1.0
2841.png,False,0.6759,0,94,256,158,64,256,64,256,0.4843,0.4561,0.9122,0.6537,0.9365,1.58,180.36,2655.08,0.9744,0.95,0.0,0.0,0.0,0.0,0.8554,0.7474,0.0758,0.0394,1.0,1.0
2617.png,True,0.6932,0,113,256,244,131,256,160,256,0.5301,0.4353,0.9156,0.5979,0.9429,1.47,357.72,1934.45,0.975,0.9512,0.8135,0.6856,0.5034,0.3363,0.195,0.108,0.0,0.0,0.6936,0.5309
641.png,True,0.8098,0,105,256,179,74,256,96,256,0.568,0.5149,0.9818,0.7261,0.9555,1.42,226.82,1920.38,0.9907,0.9816,0.7831,0.6436,0.0,0.0,0.6341,0.4643,0.0,0.0,1.0,1.0
2360.png,True,0.8075,0,57,256,189,132,256,160,256,0.8541,0.796,0.9841,0.8377,0.9862,1.73,382.47,2380.85,0.9914,0.9829,0.7852,0.6463,1.0,1.0,0.9436,0.8932,0.4041,0.2532,1.0,1.0
2694.png,True,0.8009,0,89,256,191,102,256,128,256,0.8521,0.7567,0.9674,0.8829,0.9565,1.97,432.18,2944.9,0.9833,0.9671,0.8069,0.6762,0.7772,0.6356,0.7443,0.5927,1.0,1.0,0.8012,0.6683
551.png,True,0.6966,0,68,256,179,111,256,128,256,0.9571,0.9224,0.9785,0.9496,0.9856,1.48,290.69,2029.58,0.9868,0.974,0.8501,0.7393,1.0,1.0,0.9343,0.8767,0.9715,0.9445,1.0,1.0
1162.png,True,0.8256,0,115,256,218,103,256,128,256,0.8833,0.8118,0.984,0.8768,0.9384,1.93,298.89,2610.01,0.9918,0.9837,0.6832,0.5188,0.8033,0.6712,0.8214,0.697,1.0,1.0,1.0,1.0
1640.png,True,0.8814,0,60,256,167,107,256,128,256,0.7757,0.7311,0.9707,0.9579,0.989,1.9,309.28,1939.86,0.9828,0.9662,0.8171,0.6907,0.0,0.0,0.9057,0.8276,0.9487,0.9024,1.0,1.0
74.png,False,0.8692,0,45,256,109,64,256,64,256,0.7615,0.7152,0.9825,0.8202,0.99,1.49,170.74,2566.37,0.9908,0.9819,0.8399,0.724,1.0,1.0,0.0,0.0,0.7384,0.5852,1.0,1.0
6.png,True,0.8067,0,35,255,128,93,255,96,256,0.788,0.7243,0.9777,0.8291,0.9583,1.49,228.3,2022.99,0.9887,0.9776,0.6537,0.4855,0.2249,0.1267,1.0,1.0,0.861,0.756,1.0,1.0
344.png,True,0.8705,0,53,256,136,83,256,96,256,0.8789,0.8374,0.9812,0.9403,0.9682,3.26,337.11,3102.52,0.9899,0.9799,0.396,0.2469,0.8873,0.7974,1.0,1.0,1.0,1.0,1.0,1.0
760.png,True,0.7825,0,113,256,182,69,256,96,256,0.7316,0.6754,0.971,0.753,0.9404,1.51,252.68,2866.41,0.9847,0.9699,0.6896,0.5262,1.0,1.0,0.715,0.5564,0.0,0.0,1.0,1.0
278.png,True,0.8475,0,63,256,142,79,256,96,256,0.9518,0.9156,0.9879,0.9544,0.9768,1.52,244.44,1773.63,0.9937,0.9874,0.8816,0.7883,1.0,1.0,0.8356,0.7176,1.0,1.0,1.0,1.0
532.png,True,0.9547,0,110,256,183,73,256,96,256,0.9008,0.8475,0.9731,0.9037,0.9319,1.42,230.5,1712.9,0.986,0.9725,0.6251,0.4547,1.0,1.0,0.7935,0.6578,1.0,1.0,1.0,1.0
871.png,True,0.8339,0,69,256,160,91,256,96,256,0.6031,0.5602,0.9725,0.5895,0.947,1.48,220.43,2159.62,0.9853,0.9711,0.8808,0.787,0.0,0.0,1.0,1.0,0.7522,0.6029,0.0,0.0
2081.png,True,0.8112,0,74,256,215,141,256,160,256,0.6449,0.5604,0.9458,0.8245,0.9715,1.89,507.86,2964.26,0.9711,0.9438,0.368,0.2255,0.7874,0.6494,0.871,0.7715,0.0,0.0,0.8716,0.7725
468.png,True,0.8486,0,118,256,209,91,256,96,256,0.9409,0.9115,0.9837,0.9584,0.9584,2.16,333.6,2065.28,0.9916,0.9834,0.6539,0.4858,1.0,1.0,1.0,1.0,1.0,1.0,1.0,1.0
873.png,True,0.8503,0,72,256,150,78,256,96,256,0.9718,0.9511,0.9848,0.9593,0.9593,1.49,225.07,2536.42,0.992,0.9842,0.8389,0.7225,1.0,1.0,1.0,1.0,1.0,1.0,1.0,1.0
289.png,True,0.8562,0,110,256,201,91,256,96,256,0.7925,0.7232,0.9605,0.8269,0.9016,1.38,222.75,1542.9,0.9794,0.9596,0.7548,0.6062,0.2448,0.1395,0.7761,0.6341,1.0,1.0,1.0,1.0
2572.png,True,0.9015,0,66,256,162,96,256,96,256,0.9707,0.946,0.9902,0.9757,0.9877,1.51,230.99,1815.78,0.9948,0.9897,0.8972,0.8135,1.0,1.0,1.0,1.0,0.932,0.8727,1.0,1.0
1013.png,True,0.8781,0,117,256,218,101,256,128,256,0.6196,0.5922,0.9836,0.775,0.9214,1.36,299.16,2732.0,0.9917,0.9834,0.0,0.0,0.0,0.0,1.0,1.0,0.726,0.5698,1.0,1.0
648.png,True,0.6712,0,114,256,206,92,256,96,256,0.6063,0.4958,0.8873,0.6665,0.9198,1.74,279.42,1642.78,0.9375,0.8824,0.8404,0.7247,0.7371,0.5837,0.5101,0.3424,0.0,0.0,0.6126,0.4416
775.png,True,0.7217,0,58,256,176,118,256,128,256,0.8411,0.7491,0.9587,0.8867,0.9817,1.92,420.69,2117.55,0.9811,0.9629,0.8134,0.6854,0.7465,0.5955,0.8962,0.8119,0.6097,0.4386,1.0,1.0
164.png,True,0.7083,0,82,256,194,112,256,128,256,0.8861,0.8145,0.9643,0.9287,0.9708,1.45,296.45,1855.14,0.9805,0.9618,1.0,1.0,0.7261,0.57,1.0,1.0,0.7468,0.5959,0.8632,0.7593
2162.png,True,0.7356,0,55,256,168,113,256,128,256,0.6127,0.531,0.9695,0.8586,0.9599,1.71,310.72,1574.78,0.9837,0.9679,0.2474,0.1412,0.7324,0.5778,0.8804,0.7863,0.8325,0.7131,0.0,0.0
627.png,True,0.7314,0,103,256,196,93,256,96,256,0.6895,0.5871,0.8718,0.7095,0.9426,1.39,219.29,2609.73,0.9174,0.8474,0.783,0.6434,0.8753,0.7783,0.8377,0.7207,0.0519,0.0266,0.672,0.506
887.png,True,0.8652,0,74,256,152,78,256,96,256,0.9127,0.8543,0.9747,0.9028,0.9806,1.41,221.41,2550.29,0.9857,0.9719,0.7323,0.5777,1.0,1.0,0.9318,0.8722,0.8263,0.704,1.0,1.0
1356.png,True,0.8854,0,61,256,158,97,256,128,256,0.8503,0.7794,0.9652,0.8349,0.9844,1.4,396.07,2728.48,0.9837,0.968,0.8577,0.7508,0.9021,0.8217,0.9237,0.8582,0.4348,0.2778,1.0,1.0
257.png,True,0.9696,0,47,256,246,199,256,224,256,0.8858,0.8628,0.9848,0.9922,0.9922,1.53,546.32,3495.73,0.9923,0.9848,0.3222,0.1921,1.0,1.0,1.0,1.0,1.0,1.0,1.0,1.0
1491.png,False,0.8804,0,91,256,155,64,256,64,256,0.9517,0.9181,0.9778,0.9886,0.9928,1.43,159.24,2108.3,0.9881,0.9764,0.7761,0.6341,1.0,1.0,1.0,1.0,0.9463,0.898,1.0,1.0
1223.png,True,0.8459,0,74,256,148,74,256,96,256,0.8866,0.831,0.994,0.8902,0.9483,1.6,225.02,2117.93,0.997,0.994,0.7114,0.552,1.0,1.0,1.0,1.0,0.6111,0.44,1.0,1.0
1579.png,True,0.7769,0,63,256,145,82,256,96,256,0.8789,0.8081,0.9562,0.8704,0.9599,1.69,249.63,2993.29,0.9756,0.9524,0.6693,0.503,1.0,1.0,0.9053,0.8269,0.7232,0.5664,1.0,1.0
239.png,True,0.7453,0,39,256,190,151,256,160,256,0.9351,0.8855,0.9717,0.9203,0.9745,1.53,430.69,2183.25,0.9836,0.9676,0.817,0.6906,1.0,1.0,0.9245,0.8596,0.8857,0.7949,1.0,1.0
1619.png,True,0.7706,0,137,256,229,92,256,96,256,0.9244,0.8762,0.9894,0.9451,0.9797,2.08,356.57,1709.46,0.9946,0.9892,0.7564,0.6083,0.7952,0.66,1.0,1.0,1.0,1.0,1.0,1.0
2319.png,True,0.8604,0,129,256,202,73,256,96,256,0.9028,0.8561,0.9597,0.9016,0.9743,1.43,234.9,1778.91,0.9772,0.9554,0.5483,0.3777,1.0,1.0,0.8912,0.8038,1.0,1.0,1.0,1.0
2678.png,True,0.9186,0,67,256,145,78,256,96,256,0.8986,0.8367,0.9771,0.903,0.982,1.41,229.97,1521.08,0.9875,0.9754,0.8454,0.7322,1.0,1.0,0.9063,0.8287,0.6523,0.484,1.0,1.0
1551.png,True,0.8323,0,89,256,158,69,256,96,256,0.6513,0.5826,0.9532,0.69,0.9383,1.51,244.18,2916.95,0.9765,0.9542,0.3209,0.1911,0.772,0.6286,0.8385,0.7219,0.0,0.0,1.0,1.0
931.png,True,0.833,0,118,256,211,93,256,96,256,0.703,0.6482,0.9736,0.8595,0.9091,1.46,233.57,1913.94,0.9868,0.9739,0.747,0.5962,0.4842,0.3194,1.0,1.0,0.0,0.0,1.0,1.0
2346.png,True,0.8243,0,67,256,179,112,256,128,256,0.7376,0.6754,0.9709,0.7961,0.9839,1.57,322.51,1832.76,0.9851,0.9707,0.7504,0.6005,0.9273,0.8645,0.7627,0.6165,0.0,0.0,1.0,1.0
1300.png,True,0.8041,0,127,256,201,74,256,96,256,0.8044,0.7801,0.9919,0.8313,0.9894,1.55,345.56,2310.93,0.9976,0.9953,1.0,1.0,0.8045,0.673,1.0,1.0,0.0244,0.0123,1.0,1.0
2264.png,True,0.8988,0,64,256,162,98,256,128,256,0.5721,0.5225,0.9794,0.9038,0.9549,2.27,435.61,2061.4,0.9898,0.9798,0.6034,0.4321,0.8393,0.7231,0.0,0.0,0.0,0.0,1.0,1.0
194.png,True,0.8981,0,43,256,131,88,256,96,256,0.5779,0.4897,0.9766,0.8361,0.9483,1.43,226.55,2861.63,0.9891,0.9784,0.8135,0.6856,0.7535,0.6045,0.0,0.0,0.1886,0.1041,0.7225,0.5655
1309.png,False,0.922,0,79,256,143,64,256,64,256,0.8522,0.7768,0.9536,0.8824,0.9581,1.52,171.77,2528.45,0.9808,0.9624,0.8774,0.7816,0.5884,0.4168,1.0,1.0,0.6667,0.5,1.0,1.0
2968.png,True,0.8155,0,78,256,191,113,256,128,256,0.7732,0.7312,0.9877,0.7644,0.9663,1.48,321.44,2046.9,0.9936,0.9873,0.849,0.7377,0.7967,0.6621,1.0,1.0,1.0,1.0,0.0,0.0
895.png,True,0.8833,0,70,256,153,83,256,96,256,0.9648,0.9362,0.9876,0.9716,0.9817,1.53,233.62,1805.66,0.9934,0.987,0.8721,0.7732,1.0,1.0,0.9231,0.8571,1.0,1.0,1.0,1.0
1016.png,True,0.8697,0,113,256,204,91,256,96,256,0.9092,0.8823,0.9979,0.946,0.946,2.0,337.32,2908.5,0.9989,0.9979,0.4565,0.2958,1.0,1.0,1.0,1.0,1.0,1.0,1.0,1.0
1657.png,False,0.8384,0,105,256,169,64,256,64,256,0.9092,0.8592,0.9791,0.9251,0.9716,1.48,169.03,2721.08,0.989,0.9783,0.833,0.7139,1.0,1.0,1.0,1.0,0.6332,0.4632,1.0,1.0
1343.png,True,0.9211,0,133,256,210,77,256,96,256,0.6283,0.6024,0.9661,0.6163,0.8939,1.57,255.13,3135.45,0.9824,0.9655,0.7871,0.649,0.0,0.0,1.0,1.0,0.0,0.0,1.0,1.0
96.png,True,0.7897,0,87,256,184,97,256,128,256,0.7209,0.628,0.9456,0.908,0.9807,1.41,299.18,2025.37,0.9669,0.9359,0.6945,0.532,0.7629,0.6167,0.8204,0.6955,0.9605,0.9241,0.12,0.0638
1003.png,True,0.8712,0,67,256,146,79,256,96,256,0.598,0.5325,0.9756,0.7415,0.9468,1.55,245.43,2511.56,0.9886,0.9775,0.7371,0.5837,0.0,0.0,0.7113,0.552,0.1509,0.0816,1.0,1.0
1325.png,False,0.9289,0,84,256,148,64,256,64,256,0.9516,0.9147,0.982,0.9762,0.9888,1.98,245.4,1636.42,0.9904,0.981,0.8656,0.7631,0.8533,0.7441,1.0,1.0,1.0,1.0,1.0,1.0
337.png,True,0.8199,0,24,256,155,131,256,160,256,0.8524,0.7878,0.9753,0.8128,0.9733,1.4,367.16,2855.85,0.9863,0.973,0.6678,0.5013,1.0,1.0,0.9555,0.9148,0.5049,0.3377,1.0,1.0
516.png,True,0.7401,0,28,256,131,103,256,128,256,0.7081,0.6348,0.9622,0.6975,0.9494,1.48,289.7,2736.22,0.9795,0.9599,0.6659,0.4992,0.0,0.0,0.8732,0.775,0.73,0.5748,1.0,1.0
203.png,True,0.83,0,52,256,131,79,256,96,256,0.6555,0.5601,0.9642,0.9328,0.9659,1.66,254.74,1668.91,0.9817,0.9641,1.0,1.0,0.1139,0.0604,0.7143,0.5556,0.5732,0.4018,0.5497,0.379
2941.png,True,0.8315,0,72,256,179,107,256,128,256,0.8803,0.8098,0.9839,0.8982,0.9926,1.6,304.47,2645.87,0.9905,0.9812,0.8204,0.6954,1.0,1.0,0.8736,0.7756,0.9794,0.9597,0.6176,0.4468
2145.png,True,0.8254,0,94,256,205,111,256,128,256,0.9159,0.8737,0.984,0.9677,0.9884,1.58,311.69,1885.23,0.9916,0.9833,0.5917,0.4202,0.9123,0.8387,1.0,1.0,1.0,1.0,1.0,1.0
2066.png,True,0.847,0,79,256,197,118,256,128,256,0.4069,0.3528,0.8958,0.571,0.9559,1.57,444.41,3104.44,0.9544,0.9128,0.0,0.0,0.6442,0.4751,0.8431,0.7287,0.0,0.0,0.0,0.0
503.png,True,0.7902,0,23,256,136,113,256,128,256,0.9414,0.8952,0.9774,0.9605,0.9851,1.38,290.41,2692.98,0.9872,0.9748,0.8373,0.7201,1.0,1.0,0.9134,0.8406,0.9107,0.836,1.0,1.0
2769.png,True,0.8427,0,92,256,165,73,256,96,256,0.9275,0.875,0.9682,0.9189,0.9741,1.42,223.83,2828.32,0.9815,0.9636,0.7661,0.6209,1.0,1.0,0.9019,0.8214,0.9154,0.844,1.0,1.0
1765.png,True,0.846,0,110,256,188,78,256,96,256,0.7744,0.6716,0.7672,0.7412,0.8961,1.58,250.69,2772.63,0.845,0.7315,1.0,1.0,0.6037,0.4324,0.6853,0.5213,0.5124,0.3444,1.0,1.0
2888.png,True,0.6988,0,38,256,190,152,256,160,256,0.6055,0.5186,0.9718,0.6538,0.9844,2.26,578.11,2962.48,0.9859,0.9722,0.8764,0.78,0.4981,0.3317,0.395,0.2461,0.8774,0.7815,0.0,0.0
1719.png,False,0.7598,0,130,256,194,64,256,64,256,0.7637,0.7162,0.9642,0.7874,0.96,1.49,177.38,3215.95,0.9805,0.9617,0.7989,0.6652,1.0,1.0,0.8027,0.6704,0.0,0.0,1.0,1.0
1690.png,True,0.8766,0,118,256,221,103,256,128,256,0.7029,0.6287,0.969,0.8569,0.9713,1.47,291.85,2837.18,0.9853,0.9709,0.8021,0.6696,0.8137,0.6858,0.0,0.0,0.6165,0.4456,1.0,1.0
1076.png,True,0.8801,0,64,256,230,166,256,192,256,0.9687,0.947,0.9924,0.9779,0.9779,1.39,438.38,3470.58,0.9961,0.9923,0.8164,0.6897,1.0,1.0,1.0,1.0,1.0,1.0,1.0,1.0
2840.png,False,0.7056,0,94,256,158,64,256,64,256,0.6378,0.6133,0.901,0.6447,0.9344,1.6,182.29,1930.32,0.9726,0.9467,1.0,1.0,0.0,0.0,0.8417,0.7267,0.0122,0.0062,1.0,1.0
1285.png,True,0.866,0,97,256,175,78,256,96,256,0.9783,0.9613,0.9921,0.9788,0.9788,1.92,335.43,2209.52,0.9959,0.9919,0.874,0.7762,1.0,1.0,1.0,1.0,1.0,1.0,1.0,1.0
859.png,True,0.7683,0,68,256,155,87,256,96,256,0.9338,0.8822,0.9694,0.9725,0.988,1.93,369.15,2134.09,0.9826,0.9659,0.8923,0.8056,1.0,1.0,1.0,1.0,0.8751,0.7779,0.853,0.7437
2068.png,True,0.8606,0,81,256,198,117,256,128,256,0.5435,0.4371,0.9043,0.5807,0.9657,1.58,342.87,1882.17,0.965,0.9323,0.5266,0.3574,0.6527,0.4844,0.8062,0.6754,0.2407,0.1368,0.0701,0.0363
2933.png,True,0.9252,0,62,256,178,116,256,128,256,0.8094,0.6923,0.9197,0.8098,0.9661,1.6,307.03,1705.39,0.9491,0.9032,0.89,0.8018,0.7731,0.6302,0.6136,0.4426,0.8233,0.6996,0.807,0.6764
738.png,False,0.7996,0,112,256,176,64,256,64,256,0.9814,0.9661,0.9876,0.9861,0.9861,1.53,168.45,2812.71,0.9934,0.9869,0.8948,0.8096,1.0,1.0,1.0,1.0,1.0,1.0,1.0,1.0
1654.png,False,0.8808,0,103,256,167,64,256,64,256,0.9152,0.8699,0.9845,0.8911,0.965,1.47,167.07,3110.88,0.9919,0.9838,0.8827,0.7901,1.0,1.0,1.0,1.0,0.6166,0.4457,1.0,1.0
319.png,True,0.8407,0,25,256,151,126,256,128,256,0.8419,0.7487,0.9643,0.8676,0.978,1.95,430.72,2246.57,0.9846,0.9697,0.7839,0.6446,0.6517,0.4833,0.7311,0.5761,1.0,1.0,0.9002,0.8186
2041.png,True,0.8505,0,54,256,209,155,256,160,256,0.5947,0.5119,0.9818,0.5744,0.8829,1.37,365.42,2741.93,0.9908,0.9817,0.2722,0.1575,1.0,1.0,0.7611,0.6144,0.3319,0.199,0.2125,0.1189
225.png,True,0.7022,0,63,256,204,141,256,160,256,0.9225,0.8706,0.9889,0.9005,0.9879,1.44,365.86,1868.81,0.994,0.988,0.8591,0.753,1.0,1.0,0.9512,0.907,0.7306,0.5756,1.0,1.0
1523.png,True,0.7768,0,89,256,191,102,256,128,256,0.7526,0.6334,0.9508,0.8401,0.9676,1.46,305.15,2212.55,0.9747,0.9506,0.79,0.6529,0.3848,0.2382,0.8115,0.6827,0.7312,0.5762,0.8234,0.6998
1298.png,True,0.8216,0,127,256,199,72,256,96,256,0.9296,0.8831,0.9876,0.9548,0.9849,1.42,241.83,1986.94,0.9936,0.9873,0.7857,0.6471,0.7983,0.6643,1.0,1.0,1.0,1.0,1.0,1.0
1447.png,True,0.8344,0,105,256,182,77,256,96,256,0.9388,0.9009,0.9801,0.937,0.9751,1.57,307.95,2789.49,0.9893,0.9788,0.708,0.548,1.0,1.0,0.9354,0.8786,1.0,1.0,1.0,1.0
1399.png,True,0.8058,0,35,256,141,106,256,128,256,0.7082,0.6332,0.9801,0.6719,0.9472,2.0,440.71,2783.92,0.9896,0.9794,0.6959,0.5336,0.0,0.0,1.0,1.0,0.8177,0.6916,0.7459,0.5948
1055.png,True,0.853,0,59,256,218,159,256,160,256,0.9309,0.8867,0.9865,0.9752,0.995,1.51,359.64,1966.15,0.9923,0.9847,0.7075,0.5474,1.0,1.0,0.904,0.8247,0.9815,0.9636,1.0,1.0
2775.png,True,0.8116,0,79,256,148,69,256,96,256,0.8994,0.8408,0.938,0.8778,0.965,1.45,244.35,1782.35,0.9611,0.9251,0.6087,0.4376,1.0,1.0,0.9355,0.8789,0.8908,0.8031,1.0,1.0
2213.png,True,0.8527,0,70,256,254,184,256,192,256,0.7759,0.7357,0.9936,0.9363,0.9575,1.7,426.93,1887.08,0.9968,0.9936,0.867,0.7652,0.0,0.0,1.0,1.0,0.792,0.6556,1.0,1.0
712.png,True,0.8775,0,76,256,168,92,256,96,256,0.9716,0.9477,0.9914,0.9866,0.9926,1.45,222.88,1808.08,0.9955,0.991,0.8961,0.8117,1.0,1.0,0.9381,0.8834,1.0,1.0,1.0,1.0
2935.png,True,0.7743,0,74,256,185,111,256,128,256,0.754,0.6977,0.9849,0.811,0.9844,1.46,295.08,1623.67,0.9921,0.9842,0.8136,0.6857,1.0,1.0,0.7989,0.6651,0.9198,0.8514,0.0,0.0
410.png,True,0.7967,0,128,256,226,98,256,128,256,0.7993,0.761,0.9774,0.785,0.9336,1.91,445.16,1861.34,0.9883,0.9769,1.0,1.0,0.69,0.5267,0.1176,0.0625,1.0,1.0,1.0,1.0
1038.png,True,0.874,0,33,256,231,198,256,224,256,0.7601,0.7054,0.9829,0.936,0.9876,1.51,511.88,3364.18,0.9909,0.9819,0.8254,0.7027,0.8919,0.8048,0.0,0.0,1.0,1.0,0.8524,0.7428
399.png,True,0.8042,0,122,256,214,92,256,96,256,0.6502,0.6363,0.981,0.8234,0.9493,1.58,241.99,1827.85,0.9921,0.9842,0.9092,0.8336,0.0,0.0,1.0,1.0,0.0,0.0,1.0,1.0
2413.png,False,0.9398,0,125,256,189,64,256,64,256,0.898,0.8314,0.9694,0.9273,0.9767,1.41,158.92,1794.49,0.9831,0.9667,0.8318,0.712,1.0,1.0,0.7107,0.5513,0.8625,0.7582,1.0,1.0
2820.png,True,0.845,0,14,256,115,101,256,128,256,0.6388,0.5289,0.9424,0.6936,0.9499,1.44,295.93,2768.81,0.97,0.9417,0.7388,0.5858,0.6934,0.5307,0.7391,0.5862,0.6918,0.5288,0.0,0.0
1481.png,True,0.765,0,71,256,179,108,256,128,256,0.7993,0.7761,0.9868,0.9752,0.9752,1.55,285.95,1800.29,0.9932,0.9864,0.8026,0.6703,1.0,1.0,1.0,1.0,0.0,0.0,1.0,1.0
425.png,True,0.9368,0,155,256,237,82,256,96,256,0.8075,0.7879,0.984,0.9805,0.9805,1.87,333.97,2603.43,0.9916,0.9833,0.8534,0.7444,1.0,1.0,0.0,0.0,1.0,1.0,1.0,1.0
305.png,True,0.9042,0,61,256,140,79,256,96,256,0.716,0.6468,0.9426,0.8704,0.9525,1.86,257.07,1845.02,0.9698,0.9414,0.8714,0.7721,0.8392,0.7229,0.6156,0.4446,0.0,0.0,1.0,1.0
1119.png,True,0.8839,0,93,256,189,96,256,96,256,0.5216,0.4413,0.9074,0.7497,0.9666,1.53,234.26,2607.27,0.9619,0.9266,0.8456,0.7325,0.6318,0.4618,0.6901,0.5268,0.0,0.0,0.0,0.0
235.png,True,0.748,0,45,256,196,151,256,160,256,0.9464,0.904,0.9805,0.9665,0.9898,1.57,357.87,3573.17,0.989,0.9783,0.8341,0.7154,1.0,1.0,0.931,0.8709,0.9246,0.8597,1.0,1.0
2003.png,True,0.788,0,117,256,185,68,256,96,256,0.6419,0.5985,0.9738,0.8253,0.9705,1.38,246.88,2579.89,0.9857,0.9719,0.1146,0.0608,0.0,0.0,1.0,1.0,0.8939,0.8082,0.8571,0.75
1141.png,True,0.6866,0,119,256,216,97,256,128,256,0.7377,0.676,0.9743,0.7213,0.9771,2.05,420.76,1850.08,0.9867,0.9738,0.6948,0.5323,0.9018,0.8211,0.8432,0.7289,0.0,0.0,1.0,1.0
2932.png,True,0.9166,0,64,256,177,113,256,128,256,0.6215,0.5243,0.9269,0.8612,0.9757,1.45,286.78,3736.55,0.9534,0.9109,0.7623,0.6159,0.0,0.0,0.3842,0.2378,0.8673,0.7657,0.7619,0.6154
2717.png,True,0.8037,0,62,256,145,83,256,96,256,0.9531,0.9175,0.985,0.9732,0.9863,1.53,236.98,2466.52,0.9921,0.9843,0.8371,0.7198,1.0,1.0,1.0,1.0,0.8896,0.8011,1.0,1.0
2369.png,True,0.7464,0,28,256,163,135,256,160,256,0.6345,0.5749,0.9591,0.9176,0.984,1.49,376.6,2107.52,0.9787,0.9583,0.7971,0.6626,0.0,0.0,0.8386,0.722,1.0,1.0,0.1924,0.1065
1178.png,True,0.8098,0,71,256,149,78,256,96,256,0.7794,0.7331,0.9653,0.761,0.971,1.52,220.79,2461.89,0.9804,0.9616,0.7005,0.539,1.0,1.0,0.926,0.8623,0.0694,0.0359,1.0,1.0
1386.png,True,0.9392,0,45,256,136,91,256,96,256,0.7563,0.727,0.9891,0.7736,0.8993,1.49,366.06,1912.76,0.9945,0.989,0.5434,0.3731,1.0,1.0,1.0,1.0,0.0,0.0,1.0,1.0
349.png,True,0.9023,0,70,256,142,72,256,96,256,0.8614,0.7772,0.9006,0.8404,0.9491,1.52,325.09,1804.83,0.9363,0.8803,0.6989,0.5372,0.7316,0.5768,1.0,1.0,0.8019,0.6692,1.0,1.0
2472.png,True,0.8598,0,24,256,175,151,256,160,256,0.8444,0.7685,0.9905,0.8327,0.9316,1.42,352.37,1656.55,0.9952,0.9904,0.563,0.3918,1.0,1.0,1.0,1.0,0.6596,0.4921,0.8485,0.7368
460.png,True,0.8202,0,61,256,139,78,256,96,256,0.8794,0.8052,0.9818,0.896,0.946,1.43,240.91,2519.36,0.9906,0.9813,0.7358,0.5821,1.0,1.0,0.7424,0.5904,0.8077,0.6774,1.0,1.0
1903.png,True,0.8884,0,25,256,146,121,256,128,256,0.74,0.6769,0.9692,0.9365,0.9788,1.55,340.09,3339.67,0.9834,0.9673,0.7313,0.5764,0.8828,0.7901,0.8424,0.7277,1.0,1.0,0.0,0.0
9.png,True,0.8271,0,36,256,137,101,256,128,256,0.9135,0.8677,0.9787,0.9202,0.9576,1.44,300.88,2659.4,0.9889,0.9781,0.6097,0.4386,0.8826,0.7899,1.0,1.0,1.0,1.0,1.0,1.0
1047.png,True,0.7585,0,108,256,175,67,256,96,256,0.8549,0.7761,0.9699,0.8196,0.9542,1.93,326.46,2872.81,0.9873,0.9749,0.6991,0.5374,1.0,1.0,0.6314,0.4614,0.8115,0.6828,1.0,1.0
832.png,True,0.712,0,96,256,251,155,256,160,256,0.948,0.9101,0.9883,0.9658,0.9788,1.92,391.05,1627.03,0.9939,0.9879,0.8137,0.6859,0.8806,0.7867,1.0,1.0,1.0,1.0,1.0,1.0
2866.png,True,0.9217,0,58,256,164,106,256,128,256,0.8909,0.8209,0.9801,0.8961,0.967,1.44,304.17,1897.72,0.99,0.9802,0.7286,0.5731,0.7937,0.6579,0.8333,0.7143,1.0,1.0,1.0,1.0
63.png,True,0.8122,0,86,256,172,86,256,96,256,0.8844,0.8127,0.938,0.9113,0.9498,1.44,229.28,1532.91,0.9641,0.9307,0.7866,0.6483,1.0,1.0,0.8834,0.7912,0.6722,0.5063,1.0,1.0
995.png,True,0.873,0,77,256,151,74,256,96,256,0.5471,0.475,0.9629,0.8724,0.9685,1.4,238.12,1692.26,0.9829,0.9664,0.7454,0.5941,0.8699,0.7697,0.6842,0.52,0.0,0.0,0.0,0.0
1951.png,True,0.8732,1,115,256,184,69,255,96,256,0.6793,0.5599,0.8652,0.6912,0.9625,1.48,230.16,2603.79,0.9222,0.8556,0.1591,0.0864,0.7775,0.636,0.856,0.7483,0.6472,0.4784,0.7137,0.5549
604.png,True,0.8525,0,111,256,203,92,256,96,256,0.9311,0.8797,0.9739,0.9194,0.9867,1.36,245.14,1985.49,0.9844,0.9693,0.8445,0.7309,1.0,1.0,0.94,0.8867,0.8175,0.6913,1.0,1.0
2712.png,True,0.7505,0,58,256,150,92,256,96,256,0.8544,0.8161,0.9875,0.8454,0.9627,1.68,363.17,2634.68,0.9936,0.9872,0.8565,0.749,1.0,1.0,1.0,1.0,0.2763,0.1603,1.0,1.0
2349.png,True,0.7897,0,67,256,175,108,256,128,256,0.7122,0.6405,0.9578,0.6905,0.9807,1.68,312.63,2526.87,0.9812,0.9631,0.7586,0.6111,0.8751,0.778,0.6582,0.4905,0.0,0.0,1.0,1.0
1754.png,True,0.6813,0,94,256,196,102,256,128,256,0.9186,0.8594,0.9826,0.9167,0.9754,2.93,296.57,2728.45,0.9909,0.982,0.8534,0.7443,0.8525,0.743,1.0,1.0,0.8147,0.6873,1.0,1.0
2632.png,True,0.8456,0,130,256,231,101,256,128,256,0.3681,0.3069,0.9124,0.5442,0.9457,1.62,317.06,2557.56,0.9722,0.946,0.7152,0.5567,0.4865,0.3215,0.0145,0.0073,0.02,0.0101,0.0,0.0
704.png,True,0.8096,0,74,256,167,93,256,96,256,0.7418,0.6224,0.951,0.6976,0.9669,1.56,243.6,1661.38,0.9777,0.9563,0.8473,0.735,0.8396,0.7235,0.7671,0.6222,0.6154,0.4444,0.4039,0.2531
2773.png,True,0.8024,0,70,256,152,82,256,96,256,0.9036,0.8423,0.9564,0.871,0.9706,1.53,336.8,2642.31,0.9737,0.9488,0.6995,0.5379,1.0,1.0,0.9456,0.8969,0.8025,0.6701,1.0,1.0
1496.png,False,0.9176,0,91,256,155,64,256,64,256,0.8938,0.8422,0.9761,0.9038,0.9799,1.46,160.86,1789.84,0.9874,0.975,0.8168,0.6903,1.0,1.0,1.0,1.0,0.5588,0.3878,1.0,1.0
1904.png,True,0.8718,0,29,256,147,118,256,128,256,0.8971,0.8313,0.97,0.9361,0.9714,1.4,312.27,2546.88,0.9833,0.9671,0.6875,0.5238,0.8701,0.7701,0.842,0.7271,1.0,1.0,1.0,1.0
259.png,True,0.9621,0,39,256,238,199,256,224,256,0.8854,0.8627,0.9862,0.9856,0.9856,1.45,518.39,2022.48,0.993,0.9862,0.3195,0.1901,1.0,1.0,1.0,1.0,1.0,1.0,1.0,1.0
1473.png,True,0.8291,0,86,256,197,111,256,128,256,0.9528,0.9167,0.986,0.9677,0.9837,1.7,290.59,1584.96,0.9926,0.9853,0.8677,0.7664,1.0,1.0,0.8563,0.7487,1.0,1.0,1.0,1.0
2208.png,True,0.9315,0,112,256,254,142,256,160,256,0.5073,0.5023,0.986,0.8372,0.8716,1.39,356.85,1960.14,0.9942,0.9884,0.0,0.0,0.0498,0.0255,1.0,1.0,0.0,0.0,1.0,1.0
2053.png,True,0.9121,0,59,256,150,91,256,96,256,0.6012,0.5718,0.987,0.9078,0.9317,1.91,324.91,2656.89,0.9949,0.9899,1.0,1.0,0.6121,0.4411,0.0,0.0,0.0,0.0,1.0,1.0
1161.png,True,0.8047,0,117,256,219,102,256,128,256,0.7912,0.7588,0.9903,0.9441,0.9637,1.94,439.84,1745.41,0.995,0.9901,0.8395,0.7233,0.0,0.0,0.9128,0.8396,1.0,1.0,1.0,1.0
2639.png,True,0.8858,0,120,256,221,101,256,128,256,0.6273,0.5402,0.9671,0.6211,0.9263,1.41,286.71,2697.57,0.9836,0.9677,0.5123,0.3444,0.6055,0.4342,1.0,1.0,0.6622,0.4949,0.0,0.0
2505.png,True,0.5953,0,82,256,174,92,256,96,256,0.8987,0.8349,0.9732,0.9065,0.9744,2.84,233.64,2832.86,0.9855,0.9715,0.8287,0.7076,0.8989,0.8163,1.0,1.0,0.6791,0.5141,1.0,1.0
483.png,True,0.842,0,49,255,186,137,255,160,256,0.5967,0.5499,0.9705,0.9355,0.9808,1.49,346.98,2703.6,0.9843,0.969,0.764,0.6181,0.0,0.0,1.0,1.0,0.8319,0.7122,0.0,0.0
816.png,True,0.7672,0,94,256,185,91,256,96,256,0.804,0.7826,0.9833,0.8152,0.9599,1.46,221.9,1985.88,0.9913,0.9828,0.8325,0.713,1.0,1.0,1.0,1.0,0.0,0.0,1.0,1.0
2946.png,True,0.8952,0,116,256,193,77,256,96,256,0.7566,0.6992,0.9608,0.7781,0.9715,1.92,325.61,1917.04,0.9786,0.9582,0.8662,0.7639,0.8152,0.6881,0.8796,0.7851,1.0,1.0,0.0,0.0
1874.png,True,0.7246,0,122,256,210,88,256,96,256,0.5679,0.5017,0.8873,0.5401,0.9122,1.41,224.17,2852.65,0.9454,0.8964,0.0,0.0,0.601,0.4296,0.7831,0.6435,0.078,0.0406,1.0,1.0
331.png,True,0.8346,0,22,256,152,130,256,160,256,0.7594,0.7062,0.9807,0.9,0.981,1.45,349.05,2026.01,0.9894,0.979,0.8651,0.7623,0.0,0.0,0.9244,0.8593,0.7778,0.6364,1.0,1.0
510.png,True,0.7981,0,21,256,148,127,256,128,256,0.7684,0.7071,0.9645,0.7613,0.9726,1.59,288.8,2524.43,0.9803,0.9613,0.7595,0.6122,0.0746,0.0388,0.8808,0.7869,0.9152,0.8436,1.0,1.0
753.png,True,0.84,0,89,256,182,93,256,96,256,0.8737,0.7996,0.9582,0.8634,0.9615,1.45,231.11,1837.89,0.9762,0.9535,0.9524,0.9091,0.6382,0.4686,0.7398,0.5871,0.9359,0.8795,1.0,1.0
2839.png,False,0.7392,0,94,256,158,64,256,64,256,0.5518,0.4926,0.9186,0.5593,0.9396,1.54,233.03,2672.37,0.9742,0.9497,0.0,0.0,0.2808,0.1633,0.8368,0.7194,0.2193,0.1232,1.0,1.0
163.png,True,0.6928,0,79,256,196,117,256,128,256,0.75,0.6905,0.9734,0.9478,0.9833,1.96,415.99,2875.59,0.9866,0.9736,1.0,1.0,0.8468,0.7344,0.0,0.0,0.7824,0.6425,0.8843,0.7926
1509.png,True,0.7702,0,88,256,196,108,256,128,256,0.7401,0.6302,0.9569,0.8076,0.9751,1.44,306.13,2911.88,0.9765,0.954,0.5735,0.402,0.3371,0.2027,0.8478,0.7358,0.8552,0.7471,0.8502,0.7395
1940.png,True,0.8424,0,89,256,171,82,256,96,256,0.8903,0.8196,0.974,0.8961,0.9714,1.52,239.58,2921.57,0.9862,0.9727,0.761,0.6142,1.0,1.0,0.8425,0.7279,0.7522,0.6028,1.0,1.0
1128.png,True,0.8633,0,68,256,185,117,256,128,256,0.6924,0.6213,0.96,0.7259,0.9765,1.39,290.44,1779.08,0.9813,0.9633,0.7917,0.6552,1.0,1.0,0.8633,0.7595,0.5182,0.3497,0.0,0.0
2500.png,True,0.8959,0,81,256,172,91,256,96,256,0.7421,0.6821,0.9258,0.7736,0.9437,1.43,233.35,2257.84,0.9568,0.9173,0.6927,0.5299,0.0126,0.0063,0.8159,0.6891,0.9745,0.9502,1.0,1.0
105.png,True,0.7988,0,104,256,173,69,256,96,256,0.7767,0.7485,0.9967,0.9425,0.9425,3.05,352.44,2674.21,0.9983,0.9967,0.6619,0.4946,1.0,1.0,1.0,1.0,0.0,0.0,1.0,1.0
1384.png,True,0.8796,0,38,256,155,117,256,128,256,0.8042,0.7182,0.9885,0.78,0.9337,1.64,347.99,2072.87,0.9942,0.9884,0.5819,0.4104,0.6627,0.4956,1.0,1.0,0.5862,0.4146,1.0,1.0
653.png,True,0.838,0,65,256,211,146,256,160,256,0.8214,0.7369,0.9712,0.8528,0.9519,1.42,378.15,2137.88,0.9852,0.9709,0.7426,0.5905,0.5594,0.3883,1.0,1.0,0.641,0.4717,1.0,1.0
572.png,True,0.7873,0,123,256,192,69,256,96,256,0.6076,0.5589,0.9779,0.7638,0.9565,1.73,246.29,2210.47,0.9884,0.977,0.7671,0.6222,0.8447,0.7311,1.0,1.0,0.0455,0.0233,0.0,0.0
2585.png,True,0.8519,0,62,256,159,97,256,128,256,0.4969,0.4226,0.9307,0.6742,0.9473,1.65,319.47,2056.32,0.9613,0.9255,0.0,0.0,0.5223,0.3534,0.9183,0.8489,0.5795,0.408,0.0,0.0
256.png,True,0.9743,0,28,256,247,219,256,224,256,0.9476,0.9196,0.991,0.9906,0.9906,1.7,735.73,2516.21,0.9955,0.991,0.6901,0.5269,1.0,1.0,1.0,1.0,1.0,1.0,1.0,1.0
3013.png,True,0.8214,0,71,256,172,101,256,128,256,0.7254,0.6679,0.9384,0.8874,0.96,2.05,349.94,2938.11,0.9815,0.9638,0.7059,0.5455,0.0,0.0,1.0,1.0,0.6648,0.4979,1.0,1.0
827.png,True,0.8921,0,88,249,248,160,249,160,256,0.8731,0.7979,0.9825,0.8977,0.9846,1.61,354.38,2943.17,0.991,0.9822,0.7452,0.5939,0.8159,0.6891,1.0,1.0,0.6863,0.5224,1.0,1.0
154.png,True,0.7722,0,84,256,185,101,256,128,256,0.7539,0.669,0.9571,0.7462,0.9761,1.52,306.36,2196.92,0.9768,0.9546,1.0,1.0,0.9102,0.8352,0.6977,0.5357,0.213,0.1192,0.7257,0.5694
1936.png,True,0.8641,0,93,256,167,74,256,96,256,0.8072,0.7272,0.9682,0.8519,0.9525,1.43,228.38,1970.63,0.9834,0.9674,0.4085,0.2567,1.0,1.0,0.7459,0.5947,0.7052,0.5446,1.0,1.0
241.png,True,0.9294,0,34,256,256,222,256,224,256,0.9582,0.9331,0.9978,0.9922,0.9922,2.28,769.81,3753.96,0.9989,0.9978,0.7505,0.6006,1.0,1.0,1.0,1.0,1.0,1.0,1.0,1.0
2896.png,True,0.878,0,103,256,190,87,256,96,256,0.8449,0.7781,0.9775,0.834,0.9528,1.6,331.63,1705.11,0.9888,0.9778,0.8174,0.6912,1.0,1.0,0.4128,0.2601,0.8503,0.7396,1.0,1.0
285.png,True,0.8197,0,58,256,141,83,256,96,256,0.9638,0.9353,0.9883,0.9692,0.9812,1.59,235.69,1532.1,0.9938,0.9878,0.8514,0.7412,1.0,1.0,0.9377,0.8827,1.0,1.0,1.0,1.0
1216.png,True,0.7883,0,54,256,160,106,256,128,256,0.7099,0.6523,0.9329,0.7226,0.9703,1.42,301.94,1640.12,0.9778,0.9565,0.0,0.0,0.7353,0.5814,1.0,1.0,0.5463,0.3758,1.0,1.0
512.png,True,0.7423,0,31,256,129,98,256,128,256,0.7425,0.6825,0.9759,0.744,0.971,1.56,298.61,2677.97,0.9873,0.975,0.7209,0.5636,0.0,0.0,0.9195,0.851,0.8274,0.7057,1.0,1.0
87.png,True,0.9016,0,94,256,172,78,256,96,256,0.8308,0.7279,0.8756,0.9136,0.9437,1.47,227.2,1959.28,0.9206,0.8528,0.844,0.7301,0.7499,0.5999,0.6302,0.46,0.8403,0.7245,1.0,1.0
2487.png,True,0.8869,0,78,256,191,113,256,128,256,0.7633,0.7158,0.9683,0.7704,0.9753,1.57,307.83,2573.78,0.9811,0.9629,0.7337,0.5795,0.0,0.0,0.8915,0.8043,0.9735,0.9484,1.0,1.0
1327.png,True,0.8771,0,133,256,207,74,256,96,256,0.5559,0.499,0.9603,0.9085,0.9588,1.94,317.79,1631.6,0.9803,0.9613,0.7442,0.5927,0.0,0.0,0.0,0.0,0.6111,0.44,1.0,1.0
1536.png,True,0.8932,0,68,256,137,69,256,96,256,0.7461,0.6986,0.9652,0.715,0.9522,3.05,340.16,1955.25,0.9822,0.9651,0.6196,0.4489,0.8747,0.7773,0.0,0.0,1.0,1.0,1.0,1.0
665.png,True,0.7936,0,59,256,210,151,256,160,256,0.7516,0.7011,0.9822,0.9224,0.9604,1.56,372.03,2775.36,0.9909,0.9819,0.7466,0.5956,0.7721,0.6288,1.0,1.0,0.0,0.0,1.0,1.0
1409.png,True,0.8718,0,44,256,151,107,256,128,256,0.8323,0.7325,0.9587,0.8418,0.9665,1.51,323.29,2767.51,0.979,0.9588,0.7509,0.6011,0.7762,0.6342,1.0,1.0,0.6534,0.4852,0.8342,0.7155
1571.png,True,0.8024,0,68,256,154,86,256,96,256,0.8026,0.707,0.9439,0.7496,0.9466,1.61,252.57,2925.17,0.9689,0.9396,0.4561,0.2955,0.7923,0.6561,0.8919,0.8049,0.7064,0.5461,1.0,1.0
619.png,True,0.8784,0,123,256,205,82,256,96,256,0.9297,0.8834,0.9834,0.9684,0.9789,1.79,347.17,2657.2,0.9913,0.9828,0.8239,0.7005,1.0,1.0,0.7631,0.6169,1.0,1.0,1.0,1.0
1652.png,True,0.8933,0,104,256,172,68,256,96,256,0.7098,0.6539,0.9872,0.8346,0.9208,1.39,226.63,2615.82,0.9937,0.9875,0.7168,0.5586,1.0,1.0,0.0,0.0,0.5481,0.3776,1.0,1.0
508.png,True,0.757,0,32,256,129,97,256,128,256,0.8226,0.7287,0.9758,0.8468,0.9674,1.48,299.18,1876.06,0.9871,0.9745,0.6576,0.4899,0.5803,0.4088,0.8947,0.8095,0.8161,0.6894,1.0,1.0
1550.png,True,0.8282,0,88,256,161,73,256,96,256,0.6731,0.5967,0.9565,0.7496,0.9548,1.54,226.51,1791.59,0.9828,0.9662,0.7135,0.5545,0.5017,0.3348,0.8405,0.7249,0.0,0.0,1.0,1.0
102.png,True,0.8761,0,91,256,177,86,256,96,256,0.6602,0.5733,0.864,0.7432,0.9481,1.51,224.63,2919.54,0.952,0.9085,0.7796,0.6388,0.6711,0.505,0.5587,0.3877,0.0,0.0,1.0,1.0
2498.png,True,0.8688,0,71,256,183,112,256,128,256,0.7601,0.7118,0.9654,0.7661,0.953,1.52,288.64,2616.2,0.9811,0.9629,0.7137,0.5549,0.0,0.0,0.8966,0.8126,0.9693,0.9405,1.0,1.0
2273.png,True,0.8685,0,56,256,186,130,256,160,256,0.861,0.7828,0.985,0.8615,0.9686,1.67,525.19,3119.92,0.9936,0.9874,0.7262,0.57,0.7825,0.6427,0.6638,0.4968,1.0,1.0,1.0,1.0
2760.png,True,0.7513,0,70,256,163,93,256,96,256,0.9357,0.8897,0.9666,0.9278,0.9794,1.41,245.99,3309.99,0.9789,0.9588,0.769,0.6247,1.0,1.0,0.8928,0.8063,0.9735,0.9483,1.0,1.0
1417.png,True,0.7616,0,33,256,140,107,256,128,256,0.8565,0.7798,0.9797,0.8798,0.9833,1.43,294.55,1664.47,0.9904,0.981,0.5847,0.4131,0.7624,0.6161,1.0,1.0,0.8013,0.6685,1.0,1.0
30.png,True,0.8065,0,66,256,169,103,256,128,256,0.5999,0.5526,0.9342,0.5927,0.9641,1.41,313.39,2555.31,0.9636,0.9297,1.0,1.0,0.0,0.0,0.794,0.6584,0.0,0.0,0.8421,0.7273
2892.png,True,0.8843,0,108,256,181,73,256,96,256,0.7985,0.7105,0.9659,0.7611,0.9173,1.51,242.13,2056.86,0.9822,0.9651,0.6385,0.469,1.0,1.0,0.5522,0.3814,0.6183,0.4475,1.0,1.0
1324.png,False,0.9233,0,83,256,147,64,256,64,256,0.9444,0.904,0.983,0.9383,0.964,1.89,231.92,2670.18,0.9911,0.9823,0.8433,0.7291,0.8321,0.7125,1.0,1.0,1.0,1.0,1.0,1.0
1478.png,True,0.9372,0,91,256,193,102,256,128,256,0.8048,0.7819,0.989,0.8009,0.9938,1.38,303.93,2627.48,0.9937,0.9874,0.8649,0.7619,1.0,1.0,0.9701,0.942,0.0,0.0,1.0,1.0
1495.png,True,0.9245,0,90,256,157,67,256,96,256,0.702,0.6494,0.9722,0.8346,0.8917,1.4,225.22,1767.26,0.9857,0.9718,0.4501,0.2904,0.0,0.0,1.0,1.0,0.7763,0.6344,1.0,1.0
1608.png,True,0.888,0,132,256,206,74,256,96,256,0.7716,0.7306,0.9826,0.9534,0.9805,1.52,232.05,1854.5,0.9908,0.9817,0.7449,0.5935,0.894,0.8084,0.0,0.0,1.0,1.0,1.0,1.0
525.png,True,0.7854,0,89,256,196,107,256,128,256,0.8095,0.7298,0.963,0.8031,0.9737,1.41,296.34,2830.2,0.9793,0.9595,0.7609,0.614,0.905,0.8265,0.8728,0.7743,0.3392,0.2043,1.0,1.0
1062.png,True,0.85,0,26,256,226,200,256,224,256,0.9495,0.9094,0.9861,0.9401,0.9919,1.9,735.85,3274.01,0.9917,0.9836,0.8559,0.7481,1.0,1.0,0.8868,0.7966,0.9627,0.9281,1.0,1.0
3025.png,True,0.8819,0,71,256,164,93,256,96,256,0.9353,0.8909,0.9809,0.9325,0.9696,1.49,224.25,2927.29,0.99,0.9802,0.7905,0.6535,1.0,1.0,0.8315,0.7116,1.0,1.0,1.0,1.0
1071.png,True,0.8024,0,55,256,234,179,256,192,256,0.7624,0.716,0.9839,0.762,0.9369,1.53,426.38,1961.58,0.9918,0.9836,0.8271,0.7052,0.0,0.0,0.7556,0.6072,1.0,1.0,1.0,1.0
2245.png,True,0.8229,0,84,256,172,88,256,96,256,0.7936,0.7619,0.9673,0.9662,0.9833,2.16,266.35,1777.17,0.9827,0.9659,1.0,1.0,0.8521,0.7423,1.0,1.0,0.0,0.0,0.9266,0.8633
569.png,True,0.865,0,124,256,193,69,256,96,256,0.809,0.7902,0.984,0.9674,0.9675,1.51,236.84,2561.81,0.9918,0.9837,0.8619,0.7574,0.0,0.0,1.0,1.0,1.0,1.0,1.0,1.0
2322.png,True,0.8289,0,127,256,200,73,256,96,256,0.6674,0.5836,0.9346,0.6609,0.9397,1.61,244.51,1666.5,0.9721,0.9456,0.5364,0.3665,0.007,0.0035,0.7562,0.608,0.7326,0.578,1.0,1.0
16.png,True,0.82,0,60,256,161,101,256,128,256,0.7619,0.7171,0.9862,0.9219,0.9575,1.92,451.77,3038.82,0.9929,0.9859,0.7138,0.5549,0.0,0.0,1.0,1.0,0.8647,0.7616,1.0,1.0
2591.png,True,0.8267,0,53,256,161,108,256,128,256,0.629,0.5978,0.9603,0.7923,0.9767,1.74,285.31,2121.62,0.9777,0.9564,1.0,1.0,0.0,0.0,0.9045,0.8257,0.8918,0.8046,0.0,0.0
2526.png,True,0.7397,0,81,256,194,113,256,128,256,0.7021,0.6244,0.9422,0.6712,0.9483,1.41,296.74,2204.45,0.967,0.936,0.791,0.6542,1.0,1.0,0.81,0.6806,0.6446,0.4756,0.0,0.0
1326.png,True,0.8902,0,135,256,209,74,256,96,256,0.8662,0.8224,0.991,0.8508,0.9603,1.42,236.2,1730.79,0.9954,0.9908,0.8382,0.7214,1.0,1.0,1.0,1.0,0.3636,0.2222,1.0,1.0
2340.png,True,0.7361,0,62,256,168,106,256,128,256,0.9515,0.9168,0.9856,0.9617,0.9846,1.51,290.53,2838.86,0.9922,0.9846,0.7922,0.6558,0.9248,0.8602,1.0,1.0,1.0,1.0,1.0,1.0
243.png,True,0.9134,0,46,256,205,159,256,160,256,0.8513,0.7717,0.9894,0.8682,0.9479,1.42,366.09,2274.96,0.9946,0.9892,0.7548,0.6062,0.7388,0.5857,1.0,1.0,1.0,1.0,0.6197,0.449
910.png,True,0.6937,0,48,256,169,121,256,128,256,0.9569,0.9233,0.9806,0.9791,0.9908,2.02,432.26,1896.29,0.9893,0.9789,0.8479,0.736,0.904,0.8248,1.0,1.0,1.0,1.0,1.0,1.0
867.png,True,0.8325,0,83,256,151,68,256,96,256,0.7815,0.7097,0.9689,0.8417,0.9401,1.39,225.52,2605.37,0.9836,0.9677,0.8585,0.752,1.0,1.0,1.0,1.0,0.4565,0.2957,0.3907,0.2428
1336.png,True,0.8455,0,129,256,202,73,256,96,256,0.9733,0.9536,0.9907,0.9673,0.9673,1.4,220.73,2400.75,0.9952,0.9904,0.8446,0.7311,1.0,1.0,1.0,1.0,1.0,1.0,1.0,1.0
1945.png,True,0.8902,0,119,256,186,67,256,96,256,0.7221,0.627,0.8752,0.7454,0.9598,1.49,220.45,1976.59,0.9437,0.8934,0.6977,0.5357,0.7618,0.6153,0.7772,0.6356,0.1519,0.0822,1.0,1.0
1236.png,True,0.8194,0,56,256,153,97,256,128,256,0.8874,0.8314,0.9892,0.9015,0.952,1.53,309.52,1967.55,0.9945,0.9891,0.6196,0.4489,1.0,1.0,1.0,1.0,0.7099,0.5503,1.0,1.0
1040.png,False,0.7363,0,111,256,175,64,256,64,256,0.828,0.7626,0.9672,0.8577,0.9522,1.94,246.46,2839.13,0.9828,0.9662,0.7602,0.6132,1.0,1.0,0.3429,0.2069,0.8824,0.7895,1.0,1.0
711.png,True,0.7794,0,75,256,168,93,256,96,256,0.6682,0.6002,0.9548,0.8022,0.9611,1.96,348.03,1674.13,0.9863,0.973,0.848,0.736,0.3827,0.2366,0.792,0.6557,0.0,0.0,1.0,1.0
238.png,True,0.7542,0,38,256,197,159,256,160,256,0.9395,0.8959,0.981,0.9404,0.9856,1.4,368.05,1645.53,0.9892,0.9786,0.7678,0.6231,1.0,1.0,0.9476,0.9005,0.9323,0.8732,1.0,1.0
3018.png,True,0.8536,0,71,256,154,83,256,96,256,0.462,0.4372,0.9792,0.6366,0.9655,1.9,237.82,1656.47,0.991,0.9821,0.7812,0.641,0.0,0.0,1.0,1.0,0.0,0.0,0.0,0.0
2573.png,True,0.918,0,67,256,160,93,256,96,256,0.9365,0.8923,0.9795,0.908,0.955,1.51,260.37,2809.5,0.9891,0.9785,0.8199,0.6948,1.0,1.0,1.0,1.0,0.8098,0.6804,1.0,1.0
1426.png,True,0.8312,0,107,256,223,116,256,128,256,0.9446,0.9001,0.9842,0.9464,0.9899,1.56,313.69,1588.24,0.9913,0.9828,0.8673,0.7657,1.0,1.0,0.9235,0.8578,0.8854,0.7943,1.0,1.0
420.png,True,0.9409,0,159,256,241,82,256,96,256,0.8071,0.7376,0.9718,0.7978,0.9532,1.78,263.59,2665.18,0.986,0.9724,0.7547,0.6061,0.8037,0.6719,0.2983,0.1753,1.0,1.0,1.0,1.0
1979.png,True,0.7677,0,26,256,152,126,256,128,256,0.9112,0.8494,0.9746,0.9331,0.969,1.97,428.6,2767.03,0.986,0.9723,0.8363,0.7187,1.0,1.0,0.7639,0.6181,0.881,0.7874,1.0,1.0
151.png,True,0.8507,0,90,256,182,92,256,96,256,0.7387,0.6899,0.9439,0.9535,0.97,1.81,252.48,2622.92,0.9719,0.9453,1.0,1.0,0.879,0.7842,0.0,0.0,0.5815,0.41,1.0,1.0
78.png,False,0.8635,0,42,256,106,64,256,64,256,0.7594,0.712,0.9776,0.7893,0.9766,1.61,193.71,1826.59,0.9882,0.9767,0.7344,0.5803,1.0,1.0,0.0,0.0,0.8339,0.7152,1.0,1.0
216.png,True,0.7361,0,47,256,192,145,256,160,256,0.8599,0.7992,0.9516,0.8706,0.9556,1.44,369.0,3070.01,0.9721,0.9458,0.8156,0.6886,1.0,1.0,0.9383,0.8839,0.4335,0.2767,1.0,1.0
846.png,True,0.8155,0,71,256,150,79,256,96,256,0.8328,0.7351,0.9409,0.8615,0.9534,1.62,249.25,1892.27,0.9706,0.9429,0.8875,0.7978,0.6625,0.4953,1.0,1.0,0.6901,0.5269,0.7863,0.6479
1958.png,True,0.9039,0,126,256,205,79,256,96,256,0.7409,0.6749,0.9318,0.9277,0.9704,1.96,334.69,2718.85,0.9695,0.9408,0.8421,0.7273,0.814,0.6863,0.8199,0.6948,0.0,0.0,1.0,1.0
1305.png,False,0.9625,0,83,256,147,64,256,64,256,0.9637,0.9342,0.9829,0.973,0.9848,1.44,161.21,3181.14,0.9906,0.9814,0.88,0.7857,0.9119,0.838,1.0,1.0,1.0,1.0,1.0,1.0
1832.png,True,0.7388,0,50,256,221,171,256,192,256,0.9313,0.8815,0.976,0.9381,0.9921,1.57,421.16,2002.23,0.9852,0.9709,0.7752,0.6329,1.0,1.0,0.8845,0.7929,0.9431,0.8924,1.0,1.0
1015.png,True,0.8674,0,114,256,205,91,256,96,256,0.6656,0.6646,0.9874,0.8332,0.8332,1.52,245.63,2612.35,0.9937,0.9874,0.0,0.0,1.0,1.0,1.0,1.0,0.0,0.0,1.0,1.0
1721.png,False,0.7983,0,129,256,193,64,256,64,256,0.8233,0.7608,0.954,0.8111,0.949,1.45,169.62,2469.89,0.9744,0.9502,0.8449,0.7314,1.0,1.0,0.8347,0.7163,0.2857,0.1667,1.0,1.0
1484.png,True,0.6897,0,69,256,180,111,256,128,256,0.9207,0.871,0.9835,0.924,0.9696,1.96,342.66,1947.35,0.9915,0.9831,0.7457,0.5945,1.0,1.0,1.0,1.0,0.7869,0.6486,1.0,1.0
2736.png,True,0.9281,0,86,256,168,82,256,96,256,0.5153,0.4337,0.969,0.6754,0.9537,1.82,261.74,3119.73,0.9855,0.9713,0.7763,0.6343,0.0,0.0,0.6854,0.5214,0.6444,0.4754,0.0,0.0
162.png,True,0.6936,0,82,256,190,108,256,128,256,0.7336,0.6657,0.9556,0.9448,0.9789,2.02,296.94,1887.28,0.9773,0.9557,1.0,1.0,0.8135,0.6856,0.0,0.0,0.7623,0.6159,0.8487,0.7372
86.png,True,0.9139,0,94,256,172,78,256,96,256,0.8611,0.765,0.8975,0.8849,0.9531,1.39,231.37,2470.65,0.9306,0.8702,0.8378,0.7209,0.8101,0.6808,0.7723,0.629,0.8158,0.6888,1.0,1.0
2952.png,True,0.8921,0,120,256,198,78,256,96,256,0.5392,0.4476,0.9497,0.5905,0.9521,1.37,225.44,1727.07,0.9734,0.9482,0.7843,0.6452,0.369,0.2262,0.8229,0.699,0.2857,0.1667,0.0,0.0
2560.png,True,0.7949,0,34,256,137,103,256,128,256,0.8145,0.7157,0.9662,0.8937,0.9901,1.46,313.75,1726.49,0.9817,0.964,0.7925,0.6562,0.8004,0.6673,1.0,1.0,0.5217,0.3529,0.7907,0.6538
1033.png,True,0.9058,0,96,256,213,117,256,128,256,0.5582,0.502,0.9693,0.9211,0.9602,1.43,294.67,1618.56,0.9861,0.9727,1.0,1.0,0.6255,0.455,0.0,0.0,0.0,0.0,0.7375,0.5841
1954.png,True,0.8763,0,111,256,180,69,256,96,256,0.7598,0.6269,0.9002,0.7648,0.9632,1.94,323.18,1727.7,0.9523,0.9089,0.6055,0.4342,0.6981,0.5362,0.8475,0.7354,0.6923,0.5294,0.7634,0.6173
1091.png,False,0.8711,0,83,256,147,64,256,64,256,0.8767,0.8324,0.9807,0.8663,0.9681,1.51,163.74,2394.42,0.9898,0.9799,0.8631,0.7592,1.0,1.0,1.0,1.0,0.407,0.2555,1.0,1.0
1358.png,False,0.8489,0,77,256,141,64,256,64,256,0.9818,0.9668,0.9906,0.9849,0.9849,1.52,168.56,2695.08,0.9951,0.9902,0.8955,0.8108,1.0,1.0,1.0,1.0,1.0,1.0,1.0,1.0
703.png,True,0.8065,0,73,256,170,97,256,128,256,0.8173,0.7387,0.9501,0.8197,0.9718,1.52,296.96,2151.61,0.9733,0.948,0.3405,0.2052,0.8622,0.7578,0.8798,0.7853,0.8479,0.736,1.0,1.0
2658.png,True,0.8746,0,73,256,176,103,256,128,256,0.9373,0.891,0.9806,0.9471,0.9867,1.49,309.02,1779.01,0.9893,0.9788,0.7818,0.6417,1.0,1.0,0.9312,0.8712,0.9215,0.8543,1.0,1.0
1877.png,True,0.7652,0,127,256,228,101,256,128,256,0.8792,0.8251,0.9833,0.9085,0.952,1.41,288.41,1642.0,0.9914,0.983,0.5228,0.3539,0.7608,0.614,1.0,1.0,1.0,1.0,1.0,1.0
1603.png,True,0.7905,0,95,256,220,125,256,128,256,0.891,0.8207,0.9738,0.8842,0.959,2.01,418.39,2912.64,0.9864,0.9732,0.7508,0.601,0.7608,0.6139,0.8479,0.7359,1.0,1.0,1.0,1.0
2750.png,True,0.7302,0,104,256,190,86,256,96,256,0.8333,0.7499,0.9043,0.8294,0.9391,1.49,231.6,2969.07,0.9541,0.9122,1.0,1.0,0.6449,0.4759,1.0,1.0,0.5654,0.3941,0.8354,0.7173
817.png,True,0.7604,0,112,256,184,72,256,96,256,0.7999,0.7762,0.9695,0.9593,0.9651,1.42,230.19,1530.14,0.9847,0.9699,0.8145,0.6871,1.0,1.0,0.0,0.0,1.0,1.0,1.0,1.0
540.png,True,0.8499,0,95,256,164,69,256,96,256,0.9006,0.8568,0.9631,0.8688,0.9591,1.46,233.87,3016.02,0.979,0.9589,0.514,0.3458,1.0,1.0,0.9108,0.8362,1.0,1.0,1.0,1.0
1444.png,True,0.8193,0,116,256,194,78,256,96,256,0.8086,0.7897,0.9863,0.9697,0.9697,1.51,229.03,2881.11,0.9928,0.9857,0.8589,0.7528,0.0,0.0,1.0,1.0,1.0,1.0,1.0,1.0
417.png,True,0.8767,0,151,256,243,92,256,96,256,0.97,0.9485,0.9853,0.9793,0.9793,1.88,333.91,2402.78,0.9923,0.9847,0.828,0.7064,1.0,1.0,1.0,1.0,1.0,1.0,1.0,1.0
1256.png,True,0.6948,0,25,256,228,203,256,224,256,0.9189,0.8629,0.9723,0.9444,0.9834,2.07,580.68,3666.21,0.9869,0.9741,0.8728,0.7743,1.0,1.0,0.9144,0.8422,0.7393,0.5864,1.0,1.0
623.png,True,0.8523,0,117,256,204,87,256,96,256,0.9619,0.9324,0.9827,0.963,0.9872,1.43,237.38,2336.59,0.9901,0.9803,0.8389,0.7225,1.0,1.0,0.9426,0.8913,1.0,1.0,1.0,1.0
2410.png,True,0.7878,0,92,256,198,106,256,128,256,0.9794,0.9619,0.991,0.9845,0.9962,1.54,322.22,2826.43,0.9946,0.9893,0.8985,0.8157,1.0,1.0,1.0,1.0,0.9831,0.9667,1.0,1.0
2089.png,True,0.7717,0,62,256,170,108,256,128,256,0.7427,0.6817,0.9578,0.768,0.9768,1.5,330.34,1700.65,0.975,0.9513,0.7586,0.6111,1.0,1.0,0.0,0.0,0.9359,0.8794,0.7865,0.6481
1563.png,False,0.806,0,74,256,138,64,256,64,256,0.6518,0.584,0.9414,0.6621,0.939,1.98,256.09,2771.42,0.9679,0.9377,0.7262,0.5702,0.0,0.0,0.8888,0.7998,0.3282,0.1963,1.0,1.0
2787.png,True,0.7894,0,108,256,182,74,256,96,256,0.554,0.4814,0.9559,0.6593,0.9325,1.41,230.54,2796.32,0.9811,0.9628,0.6191,0.4483,0.0,0.0,0.1667,0.0909,0.5575,0.3864,1.0,1.0
875.png,True,0.8906,0,63,256,149,86,256,96,256,0.9336,0.8821,0.9815,0.9634,0.9867,1.65,258.1,2028.88,0.9901,0.9803,0.8693,0.7689,1.0,1.0,0.8741,0.7764,0.8683,0.7672,1.0,1.0
2519.png,True,0.7895,0,96,256,189,93,256,96,256,0.914,0.8525,0.9816,0.9211,0.9699,1.52,231.69,3196.67,0.9902,0.9807,0.8115,0.6828,1.0,1.0,0.8461,0.7332,0.8359,0.7181,1.0,1.0
1385.png,True,0.929,0,47,256,139,92,256,96,256,0.7802,0.7522,0.9924,0.7687,0.9248,1.59,256.28,2653.5,0.9962,0.9924,0.6849,0.5208,1.0,1.0,1.0,1.0,0.0,0.0,1.0,1.0
2012.png,True,0.813,0,113,256,187,74,256,96,256,0.7334,0.6685,0.9575,0.9,0.9822,1.62,338.12,2696.81,0.9767,0.9544,0.6909,0.5278,0.0,0.0,1.0,1.0,0.8581,0.7515,0.8747,0.7773
385.png,True,0.7756,0,123,256,206,83,256,96,256,0.879,0.8051,0.9825,0.8992,0.9634,1.49,237.68,3002.66,0.9912,0.9826,0.8152,0.6881,0.7059,0.5455,1.0,1.0,0.7614,0.6148,1.0,1.0
2225.png,True,0.7981,0,77,256,202,125,256,128,256,0.5909,0.543,0.9779,0.7904,0.9791,1.41,280.33,2669.72,0.9884,0.9771,0.7232,0.5664,0.8336,0.7147,1.0,1.0,0.0,0.0,0.0,0.0
2302.png,True,0.8045,0,100,256,213,113,256,128,256,0.5738,0.5217,0.9795,0.7311,0.9741,1.91,306.38,2625.64,0.9927,0.9855,0.7861,0.6476,0.6639,0.4969,0.0,0.0,0.0,0.0,1.0,1.0
191.png,True,0.8912,0,51,256,129,78,256,96,256,0.8325,0.7354,0.9617,0.9341,0.9868,1.39,226.84,1743.96,0.9809,0.9625,0.8408,0.7254,0.6196,0.4488,1.0,1.0,0.8251,0.7023,0.7288,0.5733
2552.png,True,0.8555,0,53,256,132,79,256,96,256,0.8465,0.7722,0.968,0.8528,0.9847,1.54,340.86,2711.32,0.9817,0.964,0.5659,0.3946,0.8914,0.804,1.0,1.0,0.64,0.4706,1.0,1.0
576.png,True,0.8504,0,122,256,195,73,256,96,256,0.4815,0.3938,0.9186,0.8144,0.9582,1.41,222.49,3379.29,0.9647,0.9318,0.7189,0.5612,0.6721,0.5062,0.0,0.0,0.5334,0.3637,0.0,0.0
1712.png,True,0.6067,0,78,256,196,118,256,128,256,0.9227,0.873,0.963,0.8965,0.9384,1.42,304.58,1638.62,0.98,0.9608,0.8188,0.6932,1.0,1.0,1.0,1.0,0.7376,0.5842,1.0,1.0
2044.png,True,0.8683,0,53,256,194,141,256,160,256,0.6968,0.6388,0.9888,0.84,0.9119,1.51,365.23,3281.47,0.9943,0.9887,0.6164,0.4455,0.0,0.0,1.0,1.0,0.5701,0.3987,1.0,1.0
911.png,True,0.7332,0,53,256,161,108,256,128,256,0.7949,0.7526,0.98,0.7905,0.987,1.39,294.36,3060.58,0.9912,0.9826,0.776,0.634,0.9238,0.8584,0.0784,0.0408,1.0,1.0,1.0,1.0
2478.png,True,0.8267,0,63,256,209,146,256,160,256,0.5287,0.4504,0.9851,0.841,0.9437,1.93,552.73,2833.44,0.9923,0.9848,0.0,0.0,0.0,0.0,0.6634,0.4963,0.7644,0.6186,0.7519,0.6024
1558.png,False,0.9509,0,141,256,205,64,256,64,256,0.6223,0.5928,0.9356,0.7801,0.9117,1.41,156.05,1694.44,0.9649,0.9323,0.0,0.0,0.7689,0.6246,1.0,1.0,1.0,1.0,0.0,0.0
2290.png,True,0.7962,0,107,256,219,112,256,128,256,0.7844,0.748,0.9852,0.9665,0.9887,1.39,301.77,1727.28,0.9936,0.9873,0.8234,0.6998,0.8893,0.8006,1.0,1.0,0.0,0.0,1.0,1.0
550.png,True,0.7863,0,94,256,162,68,256,96,256,0.6255,0.5992,0.9748,0.9368,0.9369,1.43,216.9,1820.1,0.9869,0.9741,0.7663,0.6211,0.0,0.0,0.0,0.0,1.0,1.0,1.0,1.0
2005.png,True,0.8019,0,111,256,179,68,256,96,256,0.9128,0.8638,0.9591,0.8951,0.9726,1.44,221.95,2489.56,0.9763,0.9537,0.6332,0.4633,1.0,1.0,1.0,1.0,0.8672,0.7656,1.0,1.0
2729.png,True,0.7601,0,59,256,170,111,256,128,256,0.908,0.8462,0.9815,0.9082,0.978,1.43,288.91,1761.05,0.9907,0.9816,0.8309,0.7108,0.8893,0.8007,1.0,1.0,0.7373,0.5839,1.0,1.0
1773.png,True,0.8299,0,116,256,199,83,256,96,256,0.6782,0.6022,0.9019,0.8486,0.9369,1.94,348.32,1714.44,0.9428,0.8918,0.0,0.0,0.8361,0.7183,0.8211,0.6965,0.4692,0.3065,1.0,1.0
1873.png,True,0.7668,0,123,256,214,91,256,96,256,0.814,0.74,0.9347,0.7932,0.9345,1.45,222.72,2840.97,0.967,0.9361,1.0,1.0,0.805,0.6736,0.7661,0.6209,0.3461,0.2092,1.0,1.0
2779.png,True,0.808,0,58,256,156,98,256,128,256,0.9141,0.8629,0.96,0.8944,0.9693,1.5,282.68,1608.56,0.9772,0.9554,0.6397,0.4703,1.0,1.0,0.9343,0.8768,0.9333,0.8749,1.0,1.0
1451.png,True,0.9202,0,105,256,184,79,256,96,256,0.9825,0.9681,0.9897,0.9812,0.9812,1.66,274.08,1783.11,0.9946,0.9892,0.9006,0.8191,1.0,1.0,1.0,1.0,1.0,1.0,1.0,1.0
302.png,True,0.9295,0,55,256,137,82,256,96,256,0.8494,0.7663,0.9019,0.8305,0.9279,1.68,237.91,1709.27,0.9437,0.8934,0.8384,0.7217,0.7047,0.5441,0.6095,0.4383,1.0,1.0,1.0,1.0
2794.png,True,0.8713,0,102,256,175,73,256,96,256,0.7975,0.6998,0.9782,0.7785,0.9614,2.05,233.9,3314.33,0.9895,0.9792,0.7907,0.6538,0.6939,0.5312,1.0,1.0,0.8441,0.7302,0.4667,0.3043
476.png,True,0.8862,0,114,256,205,91,256,96,256,0.6934,0.6358,0.9703,0.8342,0.9246,1.97,335.01,1705.59,0.9863,0.973,0.6748,0.5092,0.4994,0.3328,1.0,1.0,0.0,0.0,1.0,1.0
2352.png,True,0.8133,0,66,256,179,113,256,128,256,0.745,0.6843,0.9592,0.9064,0.9773,2.17,355.47,2816.44,0.9827,0.9659,0.7393,0.5864,0.8605,0.7552,0.8877,0.7981,0.0,0.0,1.0,1.0
99.png,True,0.8482,0,89,256,175,86,256,96,256,0.8099,0.7218,0.9661,0.8983,0.9873,1.41,220.84,1521.59,0.9791,0.959,0.8018,0.6692,0.9505,0.9057,0.6569,0.4891,0.4709,0.308,1.0,1.0
745.png,True,0.757,0,103,256,175,72,256,96,256,0.6916,0.6374,0.964,0.928,0.9712,1.57,234.22,1841.95,0.9805,0.9618,0.9258,0.8619,0.0,0.0,0.3714,0.228,0.8719,0.7728,1.0,1.0
2324.png,True,0.8631,0,127,256,201,74,256,96,256,0.656,0.5663,0.9331,0.6709,0.9539,1.53,250.11,1473.1,0.9747,0.9506,0.7219,0.5648,0.5682,0.3969,0.6385,0.469,0.033,0.0168,1.0,1.0
1130.png,True,0.8937,0,70,256,186,116,256,128,256,0.8113,0.7538,0.9662,0.8348,0.9722,1.39,298.53,1967.46,0.9811,0.9629,0.7372,0.5838,1.0,1.0,0.915,0.8433,0.2346,0.1329,1.0,1.0
461.png,True,0.8413,0,62,256,141,79,256,96,256,0.8774,0.8091,0.9835,0.8758,0.959,1.46,226.05,2926.98,0.9914,0.9829,0.7879,0.65,1.0,1.0,0.8838,0.7918,0.6013,0.4299,1.0,1.0
1927.png,True,0.8029,0,86,256,168,82,256,96,256,0.7161,0.6533,0.9697,0.927,0.9795,1.72,345.99,3176.77,0.9832,0.9669,0.5611,0.39,0.0,0.0,0.9121,0.8384,0.8402,0.7245,1.0,1.0
2039.png,True,0.8539,0,53,256,203,150,256,160,256,0.804,0.6986,0.9878,0.866,0.9581,1.38,356.48,3038.28,0.9937,0.9876,0.6667,0.5,0.7702,0.6262,1.0,1.0,0.7671,0.6222,0.6261,0.4557
2656.png,True,0.8274,0,73,256,176,103,256,128,256,0.8072,0.7101,0.962,0.7735,0.9617,1.4,296.66,1630.32,0.9789,0.9587,0.7724,0.6291,0.6076,0.4364,0.9081,0.8317,0.5764,0.4049,1.0,1.0
374.png,True,0.86,0,87,256,159,72,256,96,256,0.8412,0.7914,0.9717,0.8167,0.9106,1.5,227.76,2551.35,0.9853,0.9711,0.7371,0.5837,1.0,1.0,1.0,1.0,0.3246,0.1937,1.0,1.0
1104.png,False,0.8694,0,84,256,148,64,256,64,256,0.8002,0.7769,0.9767,0.8178,0.9782,1.39,158.75,1774.47,0.9876,0.9756,0.8135,0.6857,1.0,1.0,1.0,1.0,0.0,0.0,1.0,1.0
12.png,True,0.8178,0,36,256,139,103,256,128,256,0.9136,0.8617,0.983,0.9092,0.9532,1.92,429.8,2024.82,0.9912,0.9826,0.735,0.581,0.7552,0.6067,1.0,1.0,1.0,1.0,1.0,1.0
2958.png,True,0.8463,0,112,256,189,77,256,96,256,0.5179,0.4362,0.9388,0.4937,0.9366,1.63,355.0,1943.37,0.9664,0.935,0.7978,0.6636,0.8467,0.7342,0.2838,0.1654,0.0,0.0,0.2129,0.1191
639.png,True,0.769,0,100,256,191,91,256,96,256,0.5783,0.525,0.9595,0.7585,0.9552,1.4,234.89,1532.19,0.9809,0.9624,0.7164,0.5581,0.0,0.0,0.7725,0.6294,0.0,0.0,1.0,1.0
1715.png,True,0.8408,0,129,256,197,68,256,96,256,0.8576,0.7914,0.9384,0.8388,0.9259,1.4,225.44,2659.09,0.966,0.9342,0.8371,0.7198,1.0,1.0,0.4517,0.2917,0.8907,0.8029,1.0,1.0
969.png,True,0.8046,0,125,256,207,82,256,96,256,0.9577,0.9246,0.9875,0.97,0.9796,1.62,256.25,2616.75,0.9934,0.987,0.8626,0.7584,1.0,1.0,0.8902,0.8021,1.0,1.0,1.0,1.0
205.png,True,0.8424,0,55,256,132,77,256,96,256,0.7175,0.6695,0.9712,0.8115,0.9836,1.66,261.54,1884.11,0.9882,0.9767,1.0,1.0,0.4724,0.3092,1.0,1.0,0.0,0.0,0.8447,0.7312
357.png,True,0.823,0,77,256,151,74,256,96,256,0.9007,0.832,0.9429,0.8935,0.9684,1.98,325.98,2921.98,0.9659,0.934,0.7816,0.6415,0.8591,0.7529,1.0,1.0,0.7978,0.6636,1.0,1.0
1613.png,True,0.9152,0,130,256,204,74,256,96,256,0.9243,0.8756,0.9818,0.9535,0.9747,1.46,227.02,2536.46,0.9905,0.9812,0.7731,0.6301,0.7824,0.6426,1.0,1.0,1.0,1.0,1.0,1.0
258.png,True,0.9615,0,51,256,232,181,256,192,256,0.8941,0.8692,0.9872,0.9864,0.9864,2.15,518.66,3339.7,0.9935,0.9872,0.3712,0.2279,1.0,1.0,1.0,1.0,1.0,1.0,1.0,1.0
2635.png,True,0.8838,0,125,256,211,86,256,96,256,0.6178,0.5826,0.9606,0.6103,0.9353,1.67,285.23,1788.94,0.9791,0.959,0.0526,0.027,0.6751,0.5096,0.0,0.0,1.0,1.0,1.0,1.0
1028.png,True,0.8317,0,31,256,196,165,256,192,256,0.7678,0.6972,0.9758,0.8176,0.9873,1.59,499.42,2883.1,0.9871,0.9745,0.1212,0.0645,0.869,0.7683,0.8299,0.7092,1.0,1.0,0.7998,0.6663
1769.png,True,0.8176,0,120,256,199,79,256,96,256,0.8646,0.7865,0.9286,0.8725,0.956,1.93,328.31,2622.56,0.9584,0.9201,1.0,1.0,0.8487,0.7371,0.7564,0.6083,0.624,0.4535,1.0,1.0
1108.png,True,0.7462,0,105,256,183,78,256,96,256,0.6994,0.6281,0.9665,0.8617,0.9762,1.37,227.08,2425.15,0.9817,0.964,0.8534,0.7444,0.0,0.0,0.8088,0.679,0.5522,0.3814,1.0,1.0
2454.png,True,0.8761,0,96,256,184,88,256,96,256,0.8729,0.7953,0.9566,0.8815,0.9587,1.55,253.51,2551.47,0.9773,0.9555,0.7642,0.6184,0.7867,0.6484,1.0,1.0,0.7091,0.5493,1.0,1.0
55.png,True,0.6908,0,43,256,193,150,256,160,256,0.7397,0.678,0.9743,0.7548,0.9716,1.7,412.52,2092.06,0.986,0.9724,0.7235,0.5668,1.0,1.0,0.9133,0.8405,0.8155,0.6885,0.0,0.0
1190.png,True,0.8304,0,75,256,157,82,256,96,256,0.9778,0.9586,0.9901,0.9765,0.9902,1.51,242.16,1852.16,0.9946,0.9892,0.9109,0.8364,1.0,1.0,0.9615,0.9258,1.0,1.0,1.0,1.0
554.png,True,0.7531,0,61,256,182,121,256,128,256,0.9545,0.9169,0.9762,0.9588,0.9908,1.48,295.74,2575.85,0.9856,0.9717,0.8688,0.7681,1.0,1.0,0.9212,0.8539,0.9515,0.9075,1.0,1.0
1455.png,True,0.8506,0,31,256,202,171,256,192,256,0.9589,0.9242,0.9818,0.9608,0.9905,1.9,631.27,1950.6,0.9893,0.9788,0.8795,0.7849,1.0,1.0,0.946,0.8976,0.9384,0.884,1.0,1.0
2123.png,True,0.8762,0,109,256,195,86,256,96,256,0.8856,0.8153,0.972,0.8934,0.963,1.5,247.54,2720.28,0.9851,0.9707,0.7766,0.6347,1.0,1.0,0.8669,0.7651,0.6851,0.521,1.0,1.0
574.png,True,0.8343,0,122,256,194,72,256,96,256,0.5643,0.5105,0.9194,0.8629,0.9725,2.12,378.9,3715.6,0.9713,0.9442,0.8219,0.6976,0.5928,0.4213,1.0,1.0,0.0,0.0,0.0,0.0
2158.png,True,0.8122,0,55,254,161,106,254,128,256,0.7712,0.6691,0.9695,0.8795,0.9763,2.94,457.96,3566.07,0.985,0.9705,0.4138,0.2609,0.6963,0.534,0.8232,0.6996,0.7092,0.5494,1.0,1.0
387.png,True,0.8103,0,124,256,203,79,256,96,256,0.9399,0.8976,0.9824,0.9737,0.9847,4.0,663.47,2589.83,0.9907,0.9816,0.8451,0.7317,0.8039,0.6721,1.0,1.0,1.0,1.0,1.0,1.0
2138.png,True,0.9153,0,94,256,195,101,256,128,256,0.9197,0.8732,0.9787,0.9303,0.9686,1.9,446.11,1813.88,0.9887,0.9777,0.6589,0.4913,0.8703,0.7704,1.0,1.0,1.0,1.0,1.0,1.0
892.png,True,0.8911,0,72,256,145,73,256,96,256,0.9441,0.9039,0.9827,0.9611,0.9709,1.43,267.91,3069.8,0.9908,0.9818,0.8689,0.7681,1.0,1.0,0.8047,0.6733,1.0,1.0,1.0,1.0
2018.png,True,0.8952,0,58,256,150,92,256,96,256,0.7628,0.7085,0.964,0.9524,0.98,1.52,226.53,2468.12,0.9794,0.9596,1.0,1.0,0.0,0.0,0.8771,0.7812,0.8426,0.7281,0.8777,0.7821
1934.png,True,0.8671,0,94,256,167,73,256,96,256,0.8069,0.7341,0.9638,0.8227,0.921,1.49,238.63,1832.14,0.981,0.9627,0.325,0.1941,1.0,1.0,0.739,0.5861,0.7966,0.662,1.0,1.0
2439.png,True,0.8056,0,81,256,182,101,256,128,256,0.9387,0.8926,0.9824,0.9356,0.9844,1.54,364.98,2120.18,0.9904,0.9809,0.7964,0.6617,1.0,1.0,0.9319,0.8725,0.9133,0.8405,1.0,1.0
1242.png,True,0.7834,0,103,256,176,73,256,96,256,0.8048,0.7838,0.9834,0.96,0.9602,3.37,384.55,2176.52,0.9913,0.9827,0.8372,0.72,1.0,1.0,0.0,0.0,1.0,1.0,1.0,1.0
1193.png,True,0.8888,0,100,256,177,77,256,96,256,0.9173,0.8572,0.9602,0.8874,0.9643,1.98,321.81,1971.16,0.9772,0.9553,0.7934,0.6576,1.0,1.0,0.8837,0.7916,0.8498,0.7388,1.0,1.0
491.png,True,0.9174,0,106,256,189,83,256,96,256,0.9598,0.9278,0.9896,0.9724,0.9864,1.63,256.09,2702.51,0.9946,0.9892,0.8764,0.78,1.0,1.0,0.8876,0.7979,1.0,1.0,1.0,1.0
1362.png,True,0.795,0,61,256,172,111,256,128,256,0.9007,0.8301,0.9724,0.9253,0.988,1.51,294.53,1789.19,0.987,0.9742,0.87,0.77,0.8908,0.8032,0.9177,0.8478,0.7384,0.5853,1.0,1.0
1501.png,False,0.8713,0,91,256,155,64,256,64,256,0.9608,0.9299,0.9802,0.9806,0.9899,1.44,167.35,2606.3,0.9892,0.9787,0.847,0.7346,1.0,1.0,1.0,1.0,0.9283,0.8662,1.0,1.0
1631.png,True,0.8594,0,56,256,167,111,256,128,256,0.7041,0.635,0.9595,0.8611,0.9695,1.47,316.6,3279.99,0.9768,0.9547,0.7558,0.6075,0.0,0.0,0.9137,0.8411,0.578,0.4065,1.0,1.0
2622.png,True,0.7307,0,113,256,243,130,256,160,256,0.7187,0.6208,0.9598,0.7949,0.9614,2.15,591.94,2440.68,0.9793,0.9595,0.5705,0.3991,0.8907,0.8029,0.5124,0.3444,0.3593,0.219,1.0,1.0
1357.png,True,0.8518,0,63,256,165,102,256,128,256,0.8994,0.8268,0.9649,0.899,0.9832,1.56,324.37,2568.77,0.9811,0.9628,0.7993,0.6657,0.9051,0.8266,0.9198,0.8516,0.791,0.6542,1.0,1.0
2754.png,True,0.6981,0,102,256,179,77,256,96,256,0.6695,0.5828,0.8992,0.836,0.9336,1.46,240.16,1578.15,0.9412,0.889,0.0,0.0,0.7829,0.6432,1.0,1.0,0.569,0.3976,0.7238,0.5672
1056.png,True,0.8707,0,55,256,219,164,256,192,256,0.9531,0.916,0.9892,0.9802,0.9963,1.44,483.52,3441.67,0.9938,0.9877,0.8499,0.7389,1.0,1.0,0.8982,0.8152,0.9764,0.954,1.0,1.0
418.png,True,0.9441,0,160,256,239,79,256,96,256,0.5201,0.4666,0.9616,0.7033,0.9418,1.4,252.36,3817.27,0.984,0.9685,0.7314,0.5766,0.4055,0.2543,0.0,0.0,0.0,0.0,1.0,1.0
628.png,True,0.7209,0,104,256,196,92,256,96,256,0.6996,0.5713,0.8763,0.6808,0.9429,1.97,335.32,1687.95,0.9209,0.8533,0.7368,0.5833,0.8791,0.7842,0.7129,0.5539,0.307,0.1813,0.6409,0.4715
1433.png,True,0.807,0,113,256,201,88,256,96,256,0.9549,0.9182,0.9833,0.9605,0.9939,1.49,237.88,2715.52,0.9903,0.9809,0.8515,0.7415,1.0,1.0,0.9453,0.8963,0.942,0.8903,1.0,1.0
1502.png,False,0.8651,0,91,256,155,64,256,64,256,0.9688,0.9433,0.9833,0.978,0.9879,1.52,183.54,1858.69,0.9909,0.9819,0.8706,0.7709,1.0,1.0,1.0,1.0,0.9513,0.9071,1.0,1.0
1697.png,True,0.8062,0,117,256,225,108,256,128,256,0.8456,0.7532,0.9633,0.8683,0.9696,1.56,322.44,3117.35,0.9797,0.9603,0.8144,0.6868,0.8996,0.8175,1.0,1.0,0.7161,0.5578,0.6637,0.4966
1857.png,True,0.86,0,113,256,182,69,256,96,256,0.6319,0.6076,0.9679,0.9715,0.9716,1.47,246.35,2510.09,0.9834,0.9673,0.8082,0.6781,1.0,1.0,0.0,0.0,0.0,0.0,1.0,1.0
2661.png,True,0.8511,0,74,256,175,101,256,128,256,0.891,0.826,0.9721,0.8703,0.9637,1.91,482.08,1784.72,0.9848,0.9701,0.6679,0.5014,1.0,1.0,0.9246,0.8597,0.7689,0.6245,1.0,1.0
2297.png,True,0.8671,0,111,256,207,96,256,96,256,0.9195,0.8641,0.9855,0.9679,0.987,1.84,348.24,2843.15,0.9924,0.985,0.7432,0.5913,1.0,1.0,0.8591,0.7529,0.9221,0.8555,1.0,1.0
70.png,True,0.6387,0,48,256,188,140,256,160,256,0.8863,0.8201,0.9685,0.8943,0.9622,1.51,378.19,1956.26,0.9828,0.9662,0.7155,0.5571,1.0,1.0,0.9337,0.8757,0.6858,0.5218,1.0,1.0
1479.png,True,0.8779,0,94,256,195,101,256,128,256,0.8047,0.7818,0.9872,0.7963,0.9909,1.69,308.4,2565.61,0.9925,0.985,0.8627,0.7586,1.0,1.0,0.9727,0.9469,0.0,0.0,1.0,1.0
1311.png,True,0.8908,0,73,256,155,82,256,96,256,0.8989,0.8316,0.9732,0.894,0.974,1.68,260.5,1560.58,0.9873,0.9749,0.7478,0.5972,0.8451,0.7318,1.0,1.0,0.8134,0.6855,1.0,1.0
14.png,True,0.7865,0,53,256,161,108,256,128,256,0.7933,0.768,0.9862,0.8052,0.9524,1.56,317.43,2807.13,0.9929,0.9859,0.7669,0.6219,1.0,1.0,1.0,1.0,0.0,0.0,1.0,1.0
874.png,True,0.8825,0,63,256,149,86,256,96,256,0.9036,0.8477,0.9805,0.8916,0.972,2.06,383.4,2527.96,0.9896,0.9793,0.8799,0.7856,1.0,1.0,0.931,0.8709,0.6212,0.4506,1.0,1.0
2151.png,True,0.7163,0,51,256,182,131,256,160,256,0.5644,0.4981,0.9327,0.7104,0.9692,1.58,427.79,2880.81,0.977,0.9551,0.1034,0.0545,0.8665,0.7644,0.9343,0.8766,0.0,0.0,0.5054,0.3382
222.png,True,0.717,0,53,256,194,141,256,160,256,0.9395,0.8936,0.9838,0.9266,0.983,1.56,386.78,1770.98,0.991,0.9822,0.8456,0.7324,1.0,1.0,0.9596,0.9224,0.8405,0.7249,1.0,1.0
42.png,True,0.8153,0,68,256,169,101,256,128,256,0.7793,0.7394,0.9627,0.7911,0.9791,1.59,350.47,2658.31,0.9788,0.9584,1.0,1.0,1.0,1.0,0.8867,0.7964,0.0,0.0,0.8105,0.6814
1740.png,True,0.6258,0,76,256,197,121,256,128,256,0.919,0.8595,0.9709,0.939,0.9756,1.49,327.95,2629.87,0.9843,0.9691,0.822,0.6977,0.8475,0.7353,1.0,1.0,0.8603,0.7549,1.0,1.0
1767.png,True,0.8382,0,107,256,184,77,256,96,256,0.6548,0.581,0.7838,0.6227,0.8935,1.47,293.6,1947.92,0.8607,0.7555,1.0,1.0,0.4315,0.2751,0.02,0.0101,0.6164,0.4455,1.0,1.0
1797.png,True,0.8561,0,66,256,177,111,256,128,256,0.7437,0.7006,0.984,0.8939,0.9683,3.13,445.39,2883.62,0.9915,0.9832,0.5667,0.3953,0.9042,0.8251,0.0,0.0,1.0,1.0,1.0,1.0
764.png,True,0.6489,0,83,256,166,83,256,96,256,0.8635,0.7756,0.9018,0.838,0.951,1.68,256.53,1493.59,0.9398,0.8864,0.8902,0.8021,0.6757,0.5103,0.9103,0.8353,0.7651,0.6196,1.0,1.0
441.png,True,0.8425,0,63,256,142,79,256,96,256,0.6381,0.5633,0.9745,0.6008,0.927,1.46,233.88,1942.09,0.9869,0.9741,0.7052,0.5446,0.0552,0.0284,0.8033,0.6713,0.2778,0.1613,1.0,1.0
106.png,True,0.759,0,107,256,198,91,256,96,256,0.7375,0.6885,0.9906,0.9129,0.9485,1.4,226.56,2143.65,0.9953,0.9906,0.0,0.0,0.5943,0.4228,1.0,1.0,0.8357,0.7177,1.0,1.0
362.png,True,0.9296,0,65,256,138,73,256,96,256,0.8662,0.7806,0.9659,0.9259,0.9847,1.39,225.98,1669.66,0.9863,0.973,0.8707,0.7711,0.8824,0.7895,0.7692,0.625,0.6888,0.5253,1.0,1.0
1186.png,True,0.9002,0,78,256,150,72,256,96,256,0.7793,0.7414,0.9767,0.9361,0.9663,1.46,228.16,2041.64,0.9891,0.9784,0.7746,0.6321,0.0,0.0,0.9119,0.838,1.0,1.0,1.0,1.0
1129.png,False,0.7755,0,123,256,187,64,256,64,256,0.7575,0.7007,0.9708,0.9314,0.9769,1.91,253.49,2717.64,0.9844,0.9693,0.8433,0.729,0.0,0.0,0.8392,0.7229,0.8783,0.783,1.0,1.0
890.png,True,0.9001,0,73,256,151,78,256,96,256,0.8659,0.7829,0.9665,0.8607,0.9709,1.45,228.12,2582.51,0.9814,0.9635,0.6306,0.4605,0.8147,0.6874,0.8984,0.8156,0.8705,0.7707,1.0,1.0
2567.png,True,0.8767,0,65,256,162,97,256,128,256,0.9542,0.9209,0.9863,0.9334,0.9584,1.51,292.94,1840.08,0.9929,0.9859,0.8018,0.6692,1.0,1.0,1.0,1.0,0.9306,0.8702,1.0,1.0
1029.png,True,0.8324,0,26,256,192,166,256,192,256,0.4594,0.3856,0.9696,0.6752,0.9613,1.42,468.41,3297.49,0.986,0.9723,0.0,0.0,0.7755,0.6333,0.3019,0.1778,0.0,0.0,0.6928,0.53
2494.png,True,0.9009,0,62,256,184,122,256,128,256,0.9047,0.844,0.9804,0.9417,0.984,1.42,303.3,1939.96,0.9897,0.9795,0.6795,0.5146,1.0,1.0,0.8916,0.8044,0.8672,0.7655,1.0,1.0
1813.png,True,0.8135,0,65,256,177,112,256,128,256,0.3105,0.2707,0.9309,0.623,0.9473,1.36,350.07,1664.58,0.9849,0.9703,0.7291,0.5736,0.0,0.0,0.0,0.0,0.0,0.0,0.1488,0.0804
218.png,True,0.7286,0,46,256,201,155,256,160,256,0.9225,0.8678,0.9758,0.9331,0.9824,1.94,556.5,2907.41,0.9863,0.9729,0.7697,0.6256,1.0,1.0,0.9367,0.881,0.8421,0.7273,1.0,1.0
199.png,True,0.8996,0,39,256,131,92,256,96,256,0.6332,0.6107,0.9964,0.9771,0.9771,1.63,249.94,2738.63,0.9982,0.9964,0.801,0.668,0.0,0.0,0.0,0.0,1.0,1.0,1.0,1.0
456.png,True,0.8049,0,66,256,139,73,256,96,256,0.9605,0.9352,0.9847,0.9448,0.9448,1.43,223.58,1486.51,0.9921,0.9843,0.7708,0.6271,1.0,1.0,1.0,1.0,1.0,1.0,1.0,1.0
71.png,True,0.6458,0,48,256,190,142,256,160,256,0.9419,0.8963,0.9818,0.9731,0.9896,1.47,374.13,3323.55,0.9899,0.98,0.8316,0.7118,1.0,1.0,0.9167,0.8462,0.913,0.8399,1.0,1.0
2844.png,False,0.7565,0,97,256,161,64,256,64,256,0.5854,0.5261,0.9431,0.7521,0.9524,2.06,260.81,3192.16,0.9799,0.9606,0.0,0.0,0.3254,0.1943,0.902,0.8215,0.3049,0.1799,1.0,1.0
1497.png,False,0.9078,0,91,256,155,64,256,64,256,0.9207,0.8704,0.975,0.9746,0.9914,2.21,248.42,2785.38,0.9868,0.9739,0.7729,0.6298,1.0,1.0,1.0,1.0,0.7643,0.6186,1.0,1.0
646.png,True,0.7005,0,118,256,206,88,256,96,256,0.5851,0.4933,0.9165,0.652,0.9386,1.49,235.92,1518.99,0.9562,0.9161,0.8206,0.6958,0.367,0.2247,0.4659,0.3037,0.0,0.0,0.9009,0.8197
2384.png,True,0.7825,0,29,256,166,137,256,160,256,0.7679,0.6537,0.9479,0.8256,0.9797,1.44,397.5,2020.1,0.9786,0.9581,0.7059,0.5455,0.6355,0.4657,0.9268,0.8635,0.4995,0.3329,0.8614,0.7566
567.png,False,0.8439,0,127,256,191,64,256,64,256,0.978,0.9608,0.9905,0.9926,0.9926,1.56,187.24,2663.52,0.9951,0.9902,0.873,0.7746,1.0,1.0,1.0,1.0,1.0,1.0,1.0,1.0
519.png,True,0.8911,0,100,256,187,87,256,96,256,0.7747,0.7342,0.977,0.9506,0.9803,1.43,231.13,2620.91,0.9875,0.9753,0.7686,0.6242,0.8924,0.8057,0.0,0.0,1.0,1.0,1.0,1.0
2479.png,True,0.8688,0,63,256,184,121,256,128,256,0.8812,0.8162,0.9765,0.9355,0.9813,1.98,444.52,2156.91,0.9877,0.9756,0.5755,0.404,1.0,1.0,0.832,0.7123,0.8921,0.8052,1.0,1.0
2920.png,True,0.7823,0,96,256,194,98,256,128,256,0.7589,0.6289,0.9533,0.7652,0.9712,1.46,310.99,2840.6,0.9756,0.9523,0.6161,0.4452,0.8319,0.7122,0.7578,0.6101,0.613,0.4419,0.759,0.6116
1007.png,True,0.8726,0,70,256,144,74,256,96,256,0.6645,0.5958,0.9667,0.9403,0.9757,1.5,246.32,2616.18,0.9828,0.9663,0.8331,0.7139,0.8003,0.6671,0.371,0.2278,0.0,0.0,1.0,1.0
2977.png,False,0.8549,0,117,256,181,64,256,64,256,0.7473,0.697,0.9733,0.8906,0.9543,1.46,163.34,1844.73,0.9858,0.9721,0.8272,0.7053,1.0,1.0,0.6708,0.5047,0.0,0.0,1.0,1.0
2970.png,True,0.8142,0,77,256,193,116,256,128,256,0.7573,0.7088,0.9839,0.7761,0.9708,1.57,380.82,3547.73,0.9917,0.9835,0.7585,0.611,0.7938,0.6581,1.0,1.0,1.0,1.0,0.0,0.0
2900.png,True,0.8606,0,106,256,180,74,256,96,256,0.5397,0.4801,0.9566,0.8273,0.9281,2.17,402.0,1897.71,0.981,0.9626,0.604,0.4327,0.6532,0.485,0.0,0.0,0.0,0.0,1.0,1.0
121.png,True,0.772,0,88,256,205,117,256,128,256,0.4727,0.4523,0.9774,0.8077,0.982,2.02,441.15,2152.58,0.9898,0.9798,0.0,0.0,0.8466,0.734,0.0,0.0,0.0,0.0,1.0,1.0
513.png,True,0.7277,0,30,256,131,101,256,128,256,0.8452,0.7579,0.9759,0.7978,0.9632,1.39,310.85,1665.27,0.9871,0.9744,0.6905,0.5273,0.6198,0.4491,0.9163,0.8455,0.8578,0.751,1.0,1.0
2426.png,True,0.8995,0,68,256,174,106,256,128,256,0.921,0.8649,0.9714,0.9268,0.9811,1.38,310.25,2720.06,0.9836,0.9678,0.778,0.6366,1.0,1.0,0.9286,0.8666,0.8361,0.7184,1.0,1.0
1393.png,True,0.8644,0,53,256,160,107,256,128,256,0.7401,0.6914,0.9917,0.8794,0.9425,1.42,305.56,2594.75,0.9958,0.9916,0.6062,0.435,1.0,1.0,0.8386,0.722,0.0,0.0,1.0,1.0
2547.png,True,0.8908,0,68,256,181,113,256,128,256,0.7366,0.6698,0.9344,0.8979,0.9756,1.48,336.49,1789.58,0.9654,0.9331,0.7476,0.5969,0.0,0.0,0.8577,0.7508,0.8492,0.7379,1.0,1.0
610.png,True,0.8371,0,110,256,202,92,256,96,256,0.8554,0.7973,0.9764,0.8581,0.9809,1.45,245.02,1606.04,0.9868,0.974,0.7779,0.6365,1.0,1.0,0.9547,0.9133,0.4129,0.2602,1.0,1.0
1533.png,True,0.6328,0,57,256,228,171,256,192,256,0.9625,0.9338,0.9841,0.9796,0.9947,1.95,663.77,3055.02,0.9908,0.9817,0.8326,0.7131,1.0,1.0,1.0,1.0,0.9516,0.9076,1.0,1.0
1835.png,True,0.8521,0,75,256,222,147,256,160,256,0.9081,0.844,0.9784,0.9215,0.9721,1.69,396.07,1651.7,0.9886,0.9774,0.7925,0.6564,1.0,1.0,0.8416,0.7266,0.8261,0.7037,1.0,1.0
805.png,True,0.7502,0,85,256,193,108,256,128,256,0.9214,0.8689,0.9645,0.8943,0.9769,1.61,338.29,2773.59,0.9772,0.9555,0.8972,0.8136,1.0,1.0,0.71,0.5504,0.9439,0.8938,1.0,1.0
2607.png,True,0.8244,0,78,252,151,73,252,96,256,0.8066,0.7285,0.977,0.8147,0.9567,1.48,234.18,2503.5,0.9881,0.9764,0.392,0.2438,1.0,1.0,0.7585,0.6109,0.701,0.5397,1.0,1.0
1370.png,True,0.8203,0,58,256,179,121,256,128,256,0.9432,0.8987,0.9866,0.9725,0.9939,1.39,314.04,3216.18,0.9927,0.9855,0.8469,0.7345,1.0,1.0,0.9449,0.8956,0.8743,0.7767,1.0,1.0
822.png,True,0.754,0,106,256,188,82,256,96,256,0.7943,0.7632,0.98,0.9464,0.9743,1.96,344.43,3064.98,0.9889,0.978,0.8559,0.7482,1.0,1.0,0.0,0.0,0.9207,0.8531,1.0,1.0
2132.png,True,0.9028,0,113,256,187,74,256,96,256,0.695,0.6217,0.963,0.8486,0.9566,1.46,230.48,2567.86,0.9801,0.961,0.5526,0.3818,0.0,0.0,0.8403,0.7245,0.7971,0.6627,1.0,1.0
2966.png,True,0.8819,0,77,256,189,112,256,128,256,0.7065,0.6524,0.9826,0.697,0.9511,1.45,305.54,3147.73,0.991,0.9822,0.752,0.6025,0.4961,0.3298,1.0,1.0,1.0,1.0,0.0,0.0
2188.png,True,0.7065,0,77,256,164,87,256,96,256,0.8942,0.8177,0.9625,0.9231,0.9744,1.42,238.2,2040.5,0.9785,0.9579,0.9167,0.8462,1.0,1.0,0.8111,0.6822,0.7968,0.6622,0.862,0.7574
1450.png,True,0.8236,0,113,256,186,73,256,96,256,0.8785,0.8457,0.9721,0.8659,0.97,1.5,283.35,3174.5,0.9845,0.9694,0.3384,0.2037,1.0,1.0,0.9481,0.9014,1.0,1.0,1.0,1.0
1328.png,True,0.9076,0,133,256,207,74,256,96,256,0.8115,0.7327,0.9731,0.8183,0.9553,2.09,377.67,3012.01,0.9876,0.9755,0.6923,0.5294,0.4186,0.2647,1.0,1.0,0.7705,0.6266,1.0,1.0
2385.png,True,0.7729,0,30,256,166,136,256,160,256,0.8529,0.7557,0.9639,0.8836,0.9854,2.06,445.74,1912.85,0.9815,0.9636,0.6996,0.538,0.7692,0.625,0.929,0.8674,0.8338,0.7149,0.9044,0.8254
1858.png,True,0.8776,0,103,256,181,78,256,96,256,0.4552,0.4277,0.9725,0.9597,0.9598,1.66,275.57,1563.77,0.9859,0.9721,0.7452,0.5939,0.0,0.0,0.0,0.0,0.0,0.0,1.0,1.0
2355.png,True,0.7344,0,65,256,182,117,256,128,256,0.869,0.7902,0.9378,0.8596,0.9571,1.47,315.08,2969.65,0.9729,0.9473,0.7473,0.5965,0.6991,0.5374,0.795,0.6597,1.0,1.0,1.0,1.0
1200.png,True,0.8254,0,99,256,172,73,256,96,256,0.965,0.9365,0.9869,0.9493,0.9707,1.53,248.18,1834.39,0.993,0.9862,0.8737,0.7757,1.0,1.0,1.0,1.0,0.9231,0.8571,1.0,1.0
601.png,True,0.8255,0,111,256,203,92,256,96,256,0.968,0.943,0.9858,0.9652,0.9926,1.62,305.0,1946.05,0.9913,0.9827,0.8481,0.7363,1.0,1.0,0.9684,0.9388,1.0,1.0,1.0,1.0
2368.png,True,0.8404,0,64,256,147,83,256,96,256,0.931,0.8861,0.975,0.9577,0.9743,1.98,323.66,3052.87,0.9868,0.9739,0.7328,0.5783,1.0,1.0,0.8664,0.7643,1.0,1.0,1.0,1.0
2461.png,True,0.8686,0,59,256,189,130,256,160,256,0.6435,0.5399,0.9771,0.7053,0.9553,1.49,366.92,2990.88,0.9885,0.9772,0.0,0.0,0.6141,0.4431,0.6855,0.5215,0.7586,0.6111,0.8142,0.6866
618.png,True,0.8077,0,125,256,194,69,256,96,256,0.9707,0.9495,0.9858,0.9604,0.9604,1.49,248.23,2690.36,0.9926,0.9853,0.8314,0.7115,1.0,1.0,1.0,1.0,1.0,1.0,1.0,1.0
1244.png,True,0.7172,0,45,256,215,170,256,192,256,0.948,0.9152,0.9863,0.946,0.9918,1.44,422.81,2960.93,0.9923,0.9848,0.7322,0.5775,1.0,1.0,0.9633,0.9292,1.0,1.0,1.0,1.0
2940.png,True,0.8423,0,89,256,176,87,256,96,256,0.8534,0.7814,0.9773,0.85,0.9874,1.56,346.18,1767.14,0.9866,0.9736,0.7439,0.5922,1.0,1.0,0.9062,0.8286,0.9768,0.9547,0.507,0.3396
2523.png,True,0.7956,0,89,256,191,102,256,128,256,0.8864,0.8126,0.9563,0.8506,0.9515,1.94,452.66,2673.33,0.9772,0.9554,0.7811,0.6409,1.0,1.0,0.7658,0.6205,0.7944,0.6589,1.0,1.0
777.png,True,0.6676,0,51,256,177,126,256,128,256,0.8895,0.8148,0.9748,0.9305,0.986,1.49,305.06,2769.64,0.9864,0.9732,0.7075,0.5474,0.8709,0.7714,0.9317,0.8721,0.8403,0.7245,1.0,1.0
650.png,True,0.7032,0,109,256,206,97,256,128,256,0.6613,0.5394,0.9005,0.6992,0.956,1.44,320.61,3072.91,0.9481,0.9013,0.6386,0.469,0.7663,0.6211,0.5483,0.3777,0.2084,0.1163,0.8579,0.7512
2597.png,True,0.8151,0,51,256,164,113,256,128,256,0.7511,0.6842,0.9563,0.7215,0.9755,1.52,327.66,2103.12,0.9734,0.9482,1.0,1.0,0.1095,0.0579,0.9134,0.8406,0.9016,0.8208,0.6087,0.4375
1747.png,True,0.728,0,80,256,202,122,256,128,256,0.8828,0.7989,0.9471,0.8868,0.9637,1.47,305.92,1985.64,0.9707,0.9431,0.832,0.7123,0.8674,0.7659,1.0,1.0,0.7912,0.6545,0.8355,0.7175
2052.png,True,0.8024,0,50,256,200,150,256,160,256,0.7215,0.6664,0.9819,0.8802,0.9472,2.03,593.81,2330.31,0.9918,0.9837,0.0,0.0,0.7461,0.595,1.0,1.0,0.5913,0.4197,1.0,1.0
699.png,True,0.8442,0,94,256,163,69,256,96,256,0.728,0.6999,0.9579,0.874,0.874,1.5,223.78,2434.28,0.9782,0.9574,0.3896,0.242,1.0,1.0,0.0,0.0,1.0,1.0,1.0,1.0
308.png,True,0.8475,0,8,256,125,117,256,128,256,0.7743,0.6858,0.944,0.827,0.9667,1.54,317.94,1588.16,0.9705,0.9427,0.6735,0.5077,0.821,0.6963,0.8858,0.795,0.2952,0.1732,1.0,1.0
277.png,True,0.857,0,60,256,138,78,256,96,256,0.8632,0.8035,0.981,0.8429,0.9736,1.52,260.89,1904.59,0.9898,0.9799,0.8129,0.6848,1.0,1.0,0.9301,0.8693,0.4462,0.2871,1.0,1.0
528.png,True,0.7141,0,78,256,200,122,256,128,256,0.6855,0.6354,0.9185,0.7246,0.9605,1.44,294.86,3006.98,0.9693,0.9404,1.0,1.0,0.7963,0.6615,0.3475,0.2103,0.0,0.0,1.0,1.0
2974.png,False,0.878,0,120,256,184,64,256,64,256,0.8793,0.8235,0.9656,0.8843,0.9565,1.46,177.68,1629.66,0.9819,0.9644,0.7582,0.6105,1.0,1.0,0.536,0.3662,1.0,1.0,1.0,1.0
1694.png,True,0.8259,0,117,256,219,102,256,128,256,0.8314,0.7329,0.9631,0.8314,0.9686,2.01,435.89,2656.9,0.9797,0.9603,0.6959,0.5336,0.826,0.7036,1.0,1.0,0.8336,0.7147,0.6532,0.485
520.png,True,0.8965,0,98,256,191,93,256,96,256,0.8001,0.7761,0.9629,0.956,0.9561,1.41,240.42,2014.09,0.9796,0.96,0.0,0.0,0.8212,0.6966,1.0,1.0,1.0,1.0,1.0,1.0
523.png,True,0.847,0,92,256,195,103,256,128,256,0.581,0.53,0.9519,0.7327,0.9726,1.61,300.63,2660.57,0.9796,0.9599,0.0,0.0,0.8269,0.7049,0.6798,0.5149,0.0,0.0,1.0,1.0
1649.png,False,0.8433,0,103,256,167,64,256,64,256,0.8622,0.815,0.9847,0.8446,0.9283,1.41,178.29,1639.67,0.9922,0.9844,0.8056,0.6744,1.0,1.0,1.0,1.0,0.3755,0.2312,1.0,1.0
751.png,True,0.8239,0,106,256,185,79,256,96,256,0.8829,0.8077,0.9679,0.9085,0.983,1.52,271.08,1478.07,0.9823,0.9652,0.8947,0.8095,0.813,0.6849,0.668,0.5015,0.9391,0.8853,1.0,1.0
2801.png,True,0.8485,0,87,256,190,103,256,128,256,0.6412,0.5635,0.9719,0.6126,0.9366,1.73,343.76,2257.9,0.9871,0.9745,0.6441,0.475,0.4122,0.2596,1.0,1.0,0.8039,0.6721,0.0,0.0
766.png,True,0.7194,0,94,256,168,74,256,96,256,0.8211,0.7199,0.8938,0.7971,0.9428,1.88,349.55,1874.33,0.9326,0.8738,0.8097,0.6802,0.5986,0.4272,0.8973,0.8137,0.6883,0.5247,1.0,1.0
811.png,True,0.7502,0,103,256,182,79,256,96,256,0.9658,0.9381,0.9759,0.9548,0.9812,2.05,324.95,1612.79,0.9853,0.971,0.8627,0.7586,1.0,1.0,1.0,1.0,0.9469,0.8992,1.0,1.0
372.png,True,0.7495,0,83,256,166,83,256,96,256,0.7636,0.7172,0.9847,0.9078,0.9632,1.45,228.56,2759.13,0.992,0.9842,0.797,0.6626,1.0,1.0,0.0,0.0,0.7925,0.6562,1.0,1.0
1349.png,True,0.8471,0,57,256,163,106,256,128,256,0.8722,0.8004,0.9818,0.8977,0.9882,1.45,308.67,2545.33,0.9903,0.9808,0.8689,0.7681,0.9146,0.8427,0.9056,0.8275,0.5541,0.3832,1.0,1.0
1749.png,True,0.736,0,82,256,200,118,256,128,256,0.8926,0.8145,0.9531,0.9227,0.9749,1.41,320.23,1676.09,0.972,0.9456,0.781,0.6407,0.8928,0.8063,1.0,1.0,0.8717,0.7726,0.8382,0.7215
1582.png,True,0.7852,0,61,256,148,87,256,96,256,0.8376,0.7487,0.9479,0.8012,0.9405,1.38,241.35,1565.93,0.9712,0.9441,0.8281,0.7066,0.8065,0.6757,0.8956,0.8109,0.524,0.355,1.0,1.0
2761.png,True,0.7111,0,74,256,161,87,256,96,256,0.9021,0.8409,0.9458,0.9064,0.9693,1.63,248.22,1738.28,0.9652,0.9327,0.6667,0.5,1.0,1.0,0.8388,0.7223,0.9419,0.8901,1.0,1.0
